timestamp,temperature,humidity,vibration
2025-02-16 12:34:47,28.8,57.9,16.45
2025-02-16 12:34:53,28.8,57.9,16.2
2025-02-16 12:34:59,28.8,57.9,16.53
2025-02-16 12:35:05,28.7,58.0,16.41
2025-02-16 12:35:11,28.7,58.0,16.52
2025-02-16 12:35:17,28.7,58.2,16.38
2025-02-16 12:35:23,28.7,58.3,16.6
2025-02-16 12:35:29,28.7,58.5,16.97
2025-02-16 12:35:35,28.7,58.7,16.43
2025-02-16 12:35:41,28.7,59.0,16.46
2025-02-16 12:35:47,28.7,56.1,16.5
2025-02-16 12:35:52,28.8,59.0,16.52
2025-02-16 12:35:58,28.7,59.1,16.5
2025-02-16 12:36:04,28.8,58.9,16.56
2025-02-16 12:36:10,28.8,58.9,16.21
2025-02-16 12:36:16,28.8,58.9,16.56
2025-02-16 12:36:23,28.8,58.9,16.46
2025-02-16 12:36:28,28.8,58.9,16.64
2025-02-16 12:36:34,28.9,59.0,16.43
2025-02-16 12:36:40,28.8,59.1,16.56
2025-02-16 12:36:47,28.8,59.1,16.47
2025-02-16 12:36:53,28.9,59.0,16.53
2025-02-16 12:36:59,28.9,59.2,16.49
2025-02-16 12:37:04,28.9,59.1,16.57
2025-02-16 12:37:11,28.8,58.9,16.43
2025-02-16 12:37:17,28.9,58.7,16.51
2025-02-16 12:37:23,28.9,58.6,16.53
2025-02-16 12:37:29,28.9,58.5,16.52
2025-02-16 12:37:36,28.9,58.4,16.53
2025-02-16 12:37:41,28.9,58.3,16.45
2025-02-16 12:37:47,28.9,58.4,16.47
2025-02-16 12:37:54,28.9,58.7,16.55
2025-02-16 12:38:00,28.9,59.0,16.42
2025-02-16 12:38:06,28.9,59.1,16.49
2025-02-16 12:38:12,28.9,59.3,16.53
2025-02-16 12:38:18,29.0,59.3,16.56
2025-02-16 12:38:24,29.0,59.1,16.47
2025-02-16 12:38:30,29.0,59.2,16.48
2025-02-16 12:38:36,28.9,59.2,16.73
2025-02-16 12:38:42,29.0,59.0,16.43
2025-02-16 12:38:48,29.0,58.9,16.59
2025-02-16 12:38:54,29.0,58.8,16.56
2025-02-16 12:39:00,29.0,58.7,16.44
2025-02-16 12:39:06,29.0,58.9,16.57
2025-02-16 12:39:12,29.0,58.9,16.64
2025-02-16 12:39:18,29.0,58.7,16.52
2025-02-16 12:39:25,28.9,58.6,16.5
2025-02-16 12:39:31,29.0,58.5,16.48
2025-02-16 12:39:37,29.0,58.5,16.52
2025-02-16 12:39:43,29.0,58.5,16.58
2025-02-16 12:39:49,28.9,58.6,16.54
2025-02-16 12:39:56,29.0,58.4,16.45
2025-02-16 12:40:02,29.0,58.4,16.49
2025-02-16 12:40:08,29.0,58.3,16.46
2025-02-16 12:40:14,28.9,58.3,16.54
2025-02-16 12:40:20,28.9,58.3,16.43
2025-02-16 12:40:26,29.0,58.1,16.35
2025-02-16 12:40:32,29.0,58.1,16.55
2025-02-16 12:40:39,28.9,58.2,16.41
2025-02-16 12:40:45,29.0,58.0,16.49
2025-02-16 12:40:50,28.9,58.1,16.44
2025-02-16 12:40:56,29.0,58.0,16.56
2025-02-16 12:41:03,28.9,58.1,16.48
2025-02-16 12:41:09,28.9,58.0,16.49
2025-02-16 12:41:15,29.0,57.9,22.69
2025-02-16 12:41:21,28.9,58.0,16.56
2025-02-16 12:41:27,28.9,58.0,16.45
2025-02-16 12:41:33,29.5,70.1,16.57
2025-02-16 12:41:39,36.6,70.3,16.51
2025-02-16 12:41:45,41.5,58.8,16.43
2025-02-16 12:41:52,45.4,49.2,16.5
2025-02-16 12:41:58,49.0,35.6,16.57
2025-02-16 12:42:04,49.5,26.3,3.39
2025-02-16 12:42:10,49.0,19.6,14.45
2025-02-16 12:42:17,48.0,17.0,16.3
2025-02-16 12:42:23,46.8,10.6,16.53
2025-02-16 12:42:29,45.7,44.9,16.52
2025-02-16 12:42:35,44.6,29.2,16.49
2025-02-16 12:42:41,43.6,28.1,16.56
2025-02-16 12:42:47,42.6,30.0,16.34
2025-02-16 12:42:54,41.8,46.4,16.53
2025-02-16 12:43:00,40.9,20.0,16.52
2025-02-16 12:43:06,40.2,20.0,16.65
2025-02-16 12:43:12,39.4,18.4,16.59
2025-02-16 12:43:18,38.8,19.8,16.66
2025-02-16 12:43:24,38.2,21.0,16.09
2025-02-16 12:43:30,37.7,22.1,16.52
2025-02-16 12:43:36,37.1,23.6,16.6
2025-02-16 12:43:43,36.5,24.3,16.47
2025-02-16 12:43:48,36.2,25.3,16.54
2025-02-16 12:43:55,35.8,26.3,16.51
2025-02-16 12:44:01,35.5,27.4,16.55
2025-02-16 12:44:07,35.1,28.6,16.56
2025-02-16 12:44:13,34.7,29.8,16.56
2025-02-16 12:44:19,34.4,30.8,16.53
2025-02-16 12:44:25,34.0,31.9,16.52
2025-02-16 12:44:32,33.8,32.9,16.49
2025-02-16 12:44:37,33.5,33.9,16.6
2025-02-16 12:44:44,33.3,34.9,16.6
2025-02-16 12:44:50,33.0,35.8,16.51
2025-02-16 12:44:56,32.8,37.1,16.5
2025-02-16 12:45:02,32.6,38.0,16.52
2025-02-16 12:45:08,32.4,38.9,16.42
2025-02-16 12:45:14,32.1,39.8,16.49
2025-02-16 12:45:20,31.9,40.5,16.59
2025-02-16 12:45:26,31.7,41.2,16.53
2025-02-16 12:45:32,31.7,41.8,16.57
2025-02-16 12:45:38,31.5,42.4,16.6
2025-02-16 12:45:44,31.4,43.5,15.7
2025-02-16 12:45:50,31.2,44.3,14.01
2025-02-16 12:45:57,31.1,44.7,16.69
2025-02-16 12:46:03,30.9,45.3,32.91
2025-02-16 12:46:10,30.9,45.8,27.7
2025-02-16 12:46:15,30.8,46.2,16.48
2025-02-16 12:46:21,30.6,46.8,16.56
2025-02-16 12:46:27,30.5,47.3,13.92
2025-02-16 12:46:33,30.4,47.7,30.05
2025-02-16 12:46:40,30.3,48.1,16.53
2025-02-16 12:46:45,30.2,48.6,16.54
2025-02-16 12:46:51,30.1,49.0,16.51
2025-02-16 12:46:57,30.0,49.5,16.62
2025-02-16 12:47:03,30.0,49.9,16.46
2025-02-16 12:47:09,29.9,50.4,16.55
2025-02-16 12:47:15,29.7,50.8,16.49
2025-02-16 12:47:21,31.4,70.7,16.5
2025-02-16 12:47:28,38.5,60.8,16.65
2025-02-16 12:47:34,44.7,62.0,16.58
2025-02-16 12:47:40,53.1,39.9,16.58
2025-02-16 12:47:46,56.8,23.5,14.27
2025-02-16 12:47:52,57.7,11.5,17.57
2025-02-16 12:47:58,56.7,20.0,16.53
2025-02-16 12:48:04,55.4,33.2,16.47
2025-02-16 12:48:11,53.7,23.5,17.13
2025-02-16 12:48:17,51.9,27.3,16.54
2025-02-16 12:48:23,50.3,29.2,16.54
2025-02-16 12:48:29,48.8,29.8,16.79
2025-02-16 12:48:35,47.4,20.1,16.62
2025-02-16 12:48:41,46.1,26.5,16.46
2025-02-16 12:48:47,45.0,20.3,16.44
2025-02-16 12:48:53,43.9,20.0,16.44
2025-02-16 12:49:00,43.0,18.8,16.46
2025-02-16 12:49:06,42.0,17.1,16.43
2025-02-16 12:49:12,41.2,33.2,16.43
2025-02-16 12:49:18,40.4,20.0,16.47
2025-02-16 12:49:25,39.6,19.9,16.52
2025-02-16 12:49:31,38.9,25.3,16.45
2025-02-16 12:49:37,38.2,20.0,16.56
2025-02-16 12:49:43,37.5,14.3,16.55
2025-02-16 12:49:50,37.0,20.0,16.53
2025-02-16 12:49:56,36.4,21.5,16.49
2025-02-16 12:50:02,35.9,22.9,16.63
2025-02-16 12:50:08,35.5,23.9,16.58
2025-02-16 12:50:14,35.2,24.8,16.55
2025-02-16 12:50:20,34.8,26.1,16.41
2025-02-16 12:50:26,34.5,27.5,16.49
2025-02-16 12:50:32,34.1,28.9,16.54
2025-02-16 12:50:38,33.8,30.2,16.4
2025-02-16 12:50:44,33.5,31.5,16.52
2025-02-16 12:50:50,33.3,32.6,16.49
2025-02-16 12:50:56,33.0,33.8,16.57
2025-02-16 12:51:02,32.8,34.9,16.46
2025-02-16 12:51:08,32.6,36.0,16.49
2025-02-16 12:51:14,32.4,37.0,16.49
2025-02-16 12:51:20,32.2,38.0,16.66
2025-02-16 12:51:27,32.0,38.8,16.51
2025-02-16 12:51:33,31.8,39.8,16.53
2025-02-16 12:51:39,31.7,40.6,16.5
2025-02-16 12:51:45,31.5,41.3,16.68
2025-02-16 12:51:51,31.4,42.3,16.57
2025-02-16 12:51:58,31.2,43.1,16.53
2025-02-16 12:52:04,31.2,43.6,16.4
2025-02-16 12:52:10,31.0,44.0,16.59
2025-02-16 12:52:16,30.9,44.6,16.48
2025-02-16 12:52:22,30.8,45.0,16.45
2025-02-16 12:52:29,30.7,45.6,16.54
2025-02-16 12:52:34,30.6,46.1,16.48
2025-02-16 12:52:40,30.5,46.5,16.38
2025-02-16 12:52:47,30.5,46.9,16.49
2025-02-16 12:52:53,30.3,47.4,16.54
2025-02-16 12:52:59,30.3,47.8,16.51
2025-02-16 12:53:05,30.2,48.3,16.44
2025-02-16 12:53:11,30.1,48.6,16.57
2025-02-16 12:53:17,30.0,49.0,16.4
2025-02-16 12:53:24,29.9,49.4,16.54
2025-02-16 12:53:30,29.9,49.9,16.54
2025-02-16 12:53:36,29.8,50.2,16.43
2025-02-16 12:53:42,29.8,50.5,16.51
2025-02-16 12:53:48,29.7,50.9,16.45
2025-02-16 12:53:54,29.6,51.1,16.47
2025-02-16 12:54:01,29.5,51.4,16.35
2025-02-16 12:54:06,29.5,52.3,16.46
2025-02-16 12:54:13,29.5,52.8,16.49
2025-02-16 12:54:19,29.5,53.0,16.48
2025-02-16 12:54:25,29.4,53.3,16.51
2025-02-16 12:54:31,29.4,53.4,16.45
2025-02-16 12:54:38,29.4,53.9,16.36
2025-02-16 12:54:43,29.3,54.4,16.81
2025-02-16 12:54:49,29.4,54.8,16.53
2025-02-16 12:54:56,29.3,55.1,16.49
2025-02-16 12:55:02,29.3,55.1,16.53
2025-02-16 12:55:08,29.3,55.2,16.55
2025-02-16 12:55:14,29.3,55.4,16.52
2025-02-16 12:55:21,29.2,55.6,16.62
2025-02-16 12:55:27,29.2,55.8,16.43
2025-02-16 12:55:33,29.2,55.8,16.51
2025-02-16 12:55:39,29.2,55.9,16.56
2025-02-16 12:55:45,29.2,55.9,16.47
2025-02-16 12:55:52,29.2,56.0,16.41
2025-02-16 12:55:58,29.2,56.0,16.54
2025-02-16 12:56:04,29.2,56.2,16.37
2025-02-16 12:56:10,29.2,56.2,16.35
2025-02-16 12:56:16,29.1,56.3,16.36
2025-02-16 12:56:22,29.2,56.3,16.54
2025-02-16 12:56:28,29.2,56.3,17.09
2025-02-16 12:56:34,29.2,56.5,16.48
2025-02-16 12:56:41,29.0,56.5,16.86
2025-02-16 12:56:47,29.1,56.5,16.56
2025-02-16 12:56:53,29.1,56.5,16.58
2025-02-16 12:56:59,29.1,56.5,16.53
2025-02-16 12:57:06,29.1,56.5,16.63
2025-02-16 12:57:12,29.1,56.6,16.51
2025-02-16 12:57:18,29.1,56.8,16.53
2025-02-16 12:57:24,29.0,56.8,16.45
2025-02-16 12:57:30,29.0,56.8,16.48
2025-02-16 12:57:36,29.0,56.8,16.49
2025-02-16 12:57:43,29.0,56.8,16.55
2025-02-16 12:57:49,28.9,56.9,16.59
2025-02-16 12:57:55,28.9,57.0,16.44
2025-02-16 12:58:01,28.9,57.1,16.55
2025-02-16 12:58:07,28.9,57.2,16.56
2025-02-16 12:58:13,28.8,57.3,16.54
2025-02-16 12:58:20,28.9,57.4,16.43
2025-02-16 12:58:26,28.9,57.4,16.47
2025-02-16 12:58:32,28.9,57.4,16.56
2025-02-16 12:58:38,28.8,57.5,16.95
2025-02-16 12:58:44,28.8,57.5,16.54
2025-02-16 12:58:50,28.9,57.7,16.52
2025-02-16 12:58:56,28.9,57.8,16.64
2025-02-16 12:59:03,28.8,57.9,16.47
2025-02-16 12:59:09,28.8,58.0,16.47
2025-02-16 12:59:15,28.8,58.1,16.52
2025-02-16 12:59:21,28.8,58.2,16.58
2025-02-16 12:59:27,28.8,58.2,16.56
2025-02-16 12:59:34,28.8,58.2,16.5
2025-02-16 12:59:39,28.8,58.3,16.31
2025-02-16 12:59:45,28.8,58.4,16.56
2025-02-16 12:59:51,28.8,58.6,16.48
2025-02-16 12:59:58,28.8,58.7,16.51
2025-02-16 13:00:04,28.8,58.9,16.52
2025-02-16 13:00:10,28.8,59.2,16.98
2025-02-16 13:00:16,28.8,59.4,16.48
2025-02-16 13:00:22,28.9,59.4,16.42
2025-02-16 13:00:28,28.8,59.4,16.5
2025-02-16 13:00:34,28.9,59.3,16.52
2025-02-16 13:00:40,28.9,59.3,16.75
2025-02-16 13:00:46,28.9,59.2,16.51
2025-02-16 13:00:53,28.9,59.3,16.44
2025-02-16 13:00:59,28.9,59.2,16.6
2025-02-16 13:01:05,28.9,59.3,16.5
2025-02-16 13:01:11,29.0,59.7,16.49
2025-02-16 13:01:17,29.0,59.7,16.49
2025-02-16 13:01:23,28.9,59.8,16.48
2025-02-16 13:01:29,29.0,59.8,16.55
2025-02-16 13:01:35,29.0,59.8,16.45
2025-02-16 13:01:41,29.0,59.8,16.42
2025-02-16 13:01:47,29.0,59.7,16.45
2025-02-16 13:01:54,29.0,59.5,16.57
2025-02-16 13:01:59,29.0,59.4,16.58
2025-02-16 13:02:05,29.0,59.3,16.44
2025-02-16 13:02:11,29.0,59.2,16.71
2025-02-16 13:02:17,29.0,59.2,16.54
2025-02-16 13:02:23,29.0,59.3,16.48
2025-02-16 13:02:30,29.0,59.2,16.53
2025-02-16 13:02:36,29.0,59.1,16.55
2025-02-16 13:02:42,29.0,59.1,16.48
2025-02-16 13:02:48,29.0,59.2,16.43
2025-02-16 13:02:54,29.0,59.2,16.45
2025-02-16 13:03:00,29.0,59.2,16.6
2025-02-16 13:03:06,29.0,59.2,16.43
2025-02-16 13:03:13,28.9,59.2,16.54
2025-02-16 13:03:19,28.9,59.2,16.48
2025-02-16 13:03:24,29.0,59.1,16.55
2025-02-16 13:03:31,29.0,59.1,16.47
2025-02-16 13:03:37,29.0,59.3,16.45
2025-02-16 13:03:43,28.9,59.6,16.55
2025-02-16 13:03:49,29.0,59.4,16.61
2025-02-16 13:03:55,29.0,59.5,16.66
2025-02-16 13:04:02,29.0,59.5,16.69
2025-02-16 13:04:08,28.9,59.8,16.74
2025-02-16 13:04:14,28.9,59.8,16.79
2025-02-16 13:04:20,29.0,59.9,16.45
2025-02-16 13:04:26,29.0,59.9,16.42
2025-02-16 13:04:32,29.0,60.0,16.63
2025-02-16 13:04:38,29.0,60.0,16.51
2025-02-16 13:04:44,29.0,60.0,16.52
2025-02-16 13:04:50,29.0,60.0,16.4
2025-02-16 13:04:56,29.0,60.3,16.42
2025-02-16 13:05:02,29.0,60.3,16.5
2025-02-16 13:05:08,29.1,60.3,16.56
2025-02-16 13:05:15,29.1,60.2,16.26
2025-02-16 13:05:21,29.0,60.1,16.43
2025-02-16 13:05:27,29.0,60.2,16.61
2025-02-16 13:05:33,29.1,60.3,17.19
2025-02-16 13:05:39,29.1,60.3,16.49
2025-02-16 13:05:45,29.1,60.3,16.54
2025-02-16 13:05:51,29.1,60.3,16.5
2025-02-16 13:05:58,29.1,60.2,16.52
2025-02-16 13:06:04,29.1,60.2,16.38
2025-02-16 13:06:10,29.1,60.0,16.61
2025-02-16 13:06:16,29.2,59.9,16.47
2025-02-16 13:06:23,29.1,59.7,16.54
2025-02-16 13:06:29,29.1,59.6,16.51
2025-02-16 13:06:35,29.1,59.5,16.5
2025-02-16 13:06:41,29.1,59.4,16.53
2025-02-16 13:06:47,29.0,59.3,16.52
2025-02-16 13:06:53,29.0,59.3,16.51
2025-02-16 13:06:59,29.0,59.3,16.39
2025-02-16 13:07:05,28.9,59.4,16.44
2025-02-16 13:07:12,28.9,59.4,16.49
2025-02-16 13:07:18,28.9,59.3,16.62
2025-02-16 13:07:24,28.8,59.3,16.56
2025-02-16 13:07:30,28.9,59.3,16.5
2025-02-16 13:07:36,28.8,59.3,16.46
2025-02-16 13:07:42,28.8,59.4,16.51
2025-02-16 13:07:48,28.8,59.4,16.17
2025-02-16 13:07:54,28.7,59.5,16.56
2025-02-16 13:08:00,28.7,59.5,16.61
2025-02-16 13:08:06,28.7,59.8,16.55
2025-02-16 13:08:12,28.7,60.0,16.48
2025-02-16 13:08:18,28.7,60.0,16.52
2025-02-16 13:08:24,28.7,60.1,16.34
2025-02-16 13:08:31,28.7,60.1,16.48
2025-02-16 13:08:37,28.7,60.4,16.46
2025-02-16 13:08:43,28.7,60.7,16.49
2025-02-16 13:08:49,28.7,61.2,16.59
2025-02-16 13:08:55,28.7,61.5,16.5
2025-02-16 13:09:02,28.7,61.4,16.62
2025-02-16 13:09:08,28.7,61.3,16.56
2025-02-16 13:09:14,28.7,61.1,16.38
2025-02-16 13:09:20,28.7,61.1,16.56
2025-02-16 13:09:26,28.7,60.8,16.44
2025-02-16 13:09:33,28.7,60.7,16.37
2025-02-16 13:09:38,28.7,60.6,16.49
2025-02-16 13:09:45,28.6,60.5,16.57
2025-02-16 13:09:51,28.7,60.5,16.44
2025-02-16 13:09:57,28.6,60.5,16.43
2025-02-16 13:10:03,28.7,60.8,16.63
2025-02-16 13:10:09,28.7,61.1,16.62
2025-02-16 13:10:15,28.7,61.1,16.47
2025-02-16 13:10:21,28.7,61.3,16.39
2025-02-16 13:10:28,28.7,61.3,16.5
2025-02-16 13:10:34,28.7,61.3,16.42
2025-02-16 13:10:40,28.7,61.2,16.51
2025-02-16 13:10:47,28.7,61.1,16.42
2025-02-16 13:10:52,28.8,61.0,16.55
2025-02-16 13:10:58,28.7,61.1,16.63
2025-02-16 13:11:04,28.8,60.8,16.61
2025-02-16 13:11:11,28.8,60.7,16.5
2025-02-16 13:11:16,28.8,60.6,16.54
2025-02-16 13:11:22,28.8,60.6,16.51
2025-02-16 13:11:28,28.8,60.5,16.58
2025-02-16 13:11:34,28.8,60.5,16.55
2025-02-16 13:11:40,28.8,60.7,16.45
2025-02-16 13:11:46,28.8,60.6,16.6
2025-02-16 13:11:53,28.8,60.5,16.56
2025-02-16 13:11:59,28.8,60.4,16.39
2025-02-16 13:12:08,28.8,60.3,16.58
2025-02-16 13:12:11,28.8,60.3,16.51
2025-02-16 13:12:17,28.8,60.2,16.57
2025-02-16 13:12:23,28.8,60.1,16.62
2025-02-16 13:12:29,28.8,60.0,16.51
2025-02-16 13:12:36,28.7,60.1,16.46
2025-02-16 13:12:42,28.7,60.1,16.55
2025-02-16 13:12:48,28.7,60.2,16.5
2025-02-16 13:12:54,28.7,60.2,16.5
2025-02-16 13:13:00,28.7,60.2,16.39
2025-02-16 13:13:06,28.7,60.2,16.43
2025-02-16 13:13:12,28.7,60.2,16.3
2025-02-16 13:13:19,28.7,60.4,16.31
2025-02-16 13:13:24,28.7,60.4,16.53
2025-02-16 13:13:31,28.7,60.6,16.5
2025-02-16 13:13:37,28.7,60.6,16.54
2025-02-16 13:13:43,28.8,60.5,16.43
2025-02-16 13:13:49,28.8,60.8,16.61
2025-02-16 13:13:55,28.8,61.1,16.59
2025-02-16 13:14:01,28.8,61.2,16.44
2025-02-16 13:14:07,28.7,61.3,16.43
2025-02-16 13:14:14,28.8,61.0,16.49
2025-02-16 13:14:20,28.8,61.0,16.51
2025-02-16 13:14:26,28.8,60.7,16.45
2025-02-16 13:14:32,28.8,60.6,16.46
2025-02-16 13:14:38,28.8,60.6,16.57
2025-02-16 13:14:44,28.8,60.6,16.5
2025-02-16 13:14:50,28.8,60.6,16.5
2025-02-16 13:14:56,28.8,60.8,16.46
2025-02-16 13:15:02,28.8,61.0,16.35
2025-02-16 13:15:10,28.8,61.0,16.58
2025-02-16 13:15:14,28.8,61.0,16.54
2025-02-16 13:15:20,28.9,61.3,16.67
2025-02-16 13:15:26,28.9,61.4,16.52
2025-02-16 13:15:33,28.9,61.2,16.43
2025-02-16 13:15:39,28.9,61.2,16.47
2025-02-16 13:15:45,28.9,61.3,16.47
2025-02-16 13:15:51,29.0,61.4,16.45
2025-02-16 13:15:58,28.9,61.5,16.58
2025-02-16 13:16:04,29.0,61.2,16.54
2025-02-16 13:16:10,28.9,61.1,16.29
2025-02-16 13:16:16,29.0,61.0,16.6
2025-02-16 13:16:22,29.0,60.9,16.49
2025-02-16 13:16:29,29.0,61.0,16.44
2025-02-16 13:16:35,29.0,60.9,16.59
2025-02-16 13:16:41,29.0,60.5,16.47
2025-02-16 13:16:47,29.0,60.4,16.55
2025-02-16 13:16:53,29.0,60.2,16.51
2025-02-16 13:16:59,28.9,60.1,16.5
2025-02-16 13:17:05,28.9,60.0,16.5
2025-02-16 13:17:12,28.9,59.9,16.63
2025-02-16 13:17:18,28.9,59.9,16.45
2025-02-16 13:17:24,28.9,59.9,16.52
2025-02-16 13:17:30,28.9,59.9,16.47
2025-02-16 13:17:36,28.9,59.9,16.53
2025-02-16 13:17:42,28.9,60.0,16.47
2025-02-16 13:17:49,28.9,60.3,16.43
2025-02-16 13:17:54,28.9,60.5,16.6
2025-02-16 13:18:01,28.9,60.7,16.45
2025-02-16 13:18:07,28.9,60.8,16.44
2025-02-16 13:18:13,28.9,60.7,16.5
2025-02-16 13:18:19,28.9,60.8,16.48
2025-02-16 13:18:26,28.9,60.8,16.46
2025-02-16 13:18:32,28.9,60.8,16.7
2025-02-16 13:18:38,28.9,61.0,16.54
2025-02-16 13:18:44,29.0,60.6,16.48
2025-02-16 13:18:51,28.9,60.5,16.46
2025-02-16 13:18:57,28.9,60.4,16.44
2025-02-16 13:19:03,29.0,60.2,16.5
2025-02-16 13:19:09,28.9,60.1,16.51
2025-02-16 13:19:15,28.9,60.0,16.45
2025-02-16 13:19:21,28.9,59.9,16.46
2025-02-16 13:19:27,28.9,59.8,16.38
2025-02-16 13:19:33,28.9,59.8,16.5
2025-02-16 13:19:39,28.9,59.7,16.52
2025-02-16 13:19:45,28.9,59.6,16.54
2025-02-16 13:19:51,28.8,59.6,16.62
2025-02-16 13:19:57,28.8,59.6,16.61
2025-02-16 13:20:04,28.8,59.5,16.52
2025-02-16 13:20:10,28.8,59.4,16.47
2025-02-16 13:20:16,28.8,59.4,16.43
2025-02-16 13:20:22,28.8,59.4,16.29
2025-02-16 13:20:28,28.8,59.4,16.53
2025-02-16 13:20:34,28.7,59.5,16.48
2025-02-16 13:20:41,28.7,59.7,16.32
2025-02-16 13:20:47,28.7,59.7,16.52
2025-02-16 13:20:53,28.7,59.8,16.5
2025-02-16 13:20:59,28.7,59.7,16.55
2025-02-16 13:21:05,28.7,59.7,16.39
2025-02-16 13:21:12,28.7,59.7,16.49
2025-02-16 13:21:18,28.7,59.9,16.35
2025-02-16 13:21:24,28.8,59.9,16.57
2025-02-16 13:21:30,28.8,60.1,16.59
2025-02-16 13:21:36,28.8,60.3,16.44
2025-02-16 13:21:43,28.7,60.5,16.63
2025-02-16 13:21:48,28.8,60.3,16.4
2025-02-16 13:21:55,28.8,60.3,16.53
2025-02-16 13:22:00,28.8,60.4,16.49
2025-02-16 13:22:07,28.8,60.4,16.47
2025-02-16 13:22:13,28.8,60.4,16.46
2025-02-16 13:22:19,28.9,60.3,16.6
2025-02-16 13:22:25,28.8,60.3,16.62
2025-02-16 13:22:31,28.9,60.2,16.51
2025-02-16 13:22:36,28.9,60.1,16.43
2025-02-16 13:22:42,28.9,60.3,16.55
2025-02-16 13:22:48,28.9,60.1,16.13
2025-02-16 13:22:54,28.9,60.0,16.47
2025-02-16 13:23:00,28.9,60.1,16.4
2025-02-16 13:23:07,28.9,60.1,16.52
2025-02-16 13:23:13,28.9,60.1,16.61
2025-02-16 13:23:19,28.9,60.0,16.55
2025-02-16 13:23:25,28.9,60.0,16.48
2025-02-16 13:23:31,28.8,59.9,16.6
2025-02-16 13:23:38,28.8,60.0,16.45
2025-02-16 13:23:44,28.8,59.9,16.49
2025-02-16 13:23:50,28.8,59.9,16.59
2025-02-16 13:23:56,28.8,59.8,16.61
2025-02-16 13:24:02,28.8,59.8,16.49
2025-02-16 13:24:08,28.8,59.8,16.65
2025-02-16 13:24:15,28.9,59.8,16.56
2025-02-16 13:24:21,28.9,59.6,16.46
2025-02-16 13:24:27,28.8,59.6,16.53
2025-02-16 13:24:34,28.8,59.6,16.54
2025-02-16 13:24:39,28.8,59.4,16.68
2025-02-16 13:24:46,28.8,59.4,16.48
2025-02-16 13:24:51,28.8,59.3,16.53
2025-02-16 13:24:57,28.8,59.2,16.56
2025-02-16 13:25:04,28.8,59.2,16.49
2025-02-16 13:25:10,28.8,59.2,16.54
2025-02-16 13:25:16,28.7,59.2,16.59
2025-02-16 13:25:22,28.7,59.2,16.55
2025-02-16 13:25:28,28.7,59.2,16.56
2025-02-16 13:25:35,28.7,59.2,16.51
2025-02-16 13:25:41,28.6,59.2,16.59
2025-02-16 13:25:47,28.6,59.2,16.66
2025-02-16 13:25:54,28.6,59.3,16.47
2025-02-16 13:26:00,28.6,59.3,16.38
2025-02-16 13:26:07,28.6,59.3,16.47
2025-02-16 13:26:12,28.6,59.3,16.56
2025-02-16 13:26:18,28.6,59.3,16.55
2025-02-16 13:26:25,28.5,59.3,16.56
2025-02-16 13:26:30,28.6,59.3,16.48
2025-02-16 13:26:37,28.5,59.4,16.37
2025-02-16 13:26:43,28.5,59.4,16.49
2025-02-16 13:26:49,28.5,59.4,16.51
2025-02-16 13:26:55,28.5,59.4,16.47
2025-02-16 13:27:01,28.5,59.4,16.52
2025-02-16 13:27:08,28.5,59.4,16.53
2025-02-16 13:27:14,28.5,59.5,16.52
2025-02-16 13:27:20,28.5,59.5,16.45
2025-02-16 13:27:26,28.5,59.5,16.54
2025-02-16 13:27:32,28.5,59.5,16.48
2025-02-16 13:27:38,28.5,59.6,16.58
2025-02-16 13:27:44,28.5,59.7,16.53
2025-02-16 13:27:51,28.4,59.8,16.57
2025-02-16 13:27:57,28.4,59.8,16.42
2025-02-16 13:28:03,28.4,59.8,16.41
2025-02-16 13:28:10,28.4,59.8,16.51
2025-02-16 13:28:15,28.4,59.8,16.57
2025-02-16 13:28:22,28.4,59.9,16.52
2025-02-16 13:28:28,28.4,59.9,16.57
2025-02-16 13:28:35,28.4,60.0,16.47
2025-02-16 13:28:40,28.3,60.0,16.5
2025-02-16 13:28:47,28.3,60.0,16.53
2025-02-16 13:28:53,28.3,60.0,16.61
2025-02-16 13:28:59,28.3,60.1,16.52
2025-02-16 13:29:05,28.3,60.1,16.65
2025-02-16 13:29:11,28.3,60.3,16.83
2025-02-16 13:29:17,28.3,60.6,16.49
2025-02-16 13:29:23,28.3,60.6,16.55
2025-02-16 13:29:30,28.3,60.6,16.49
2025-02-16 13:29:36,28.3,60.6,16.45
2025-02-16 13:29:42,28.3,60.6,16.54
2025-02-16 13:29:48,28.3,60.7,16.42
2025-02-16 13:29:54,28.4,60.8,16.39
2025-02-16 13:30:00,28.3,60.8,16.42
2025-02-16 13:30:06,28.4,60.9,16.49
2025-02-16 13:30:12,28.3,60.8,16.43
2025-02-16 13:30:18,28.4,60.8,16.53
2025-02-16 13:30:25,28.4,60.8,16.27
2025-02-16 13:30:31,28.4,60.8,16.47
2025-02-16 13:30:37,28.4,60.8,16.47
2025-02-16 13:30:43,28.4,60.7,16.48
2025-02-16 13:30:49,28.4,60.6,16.54
2025-02-16 13:30:55,28.4,60.6,16.48
2025-02-16 13:31:01,28.5,60.5,16.49
2025-02-16 13:31:07,28.4,60.5,16.49
2025-02-16 13:31:14,28.5,60.5,16.46
2025-02-16 13:31:20,28.5,60.5,16.53
2025-02-16 13:31:32,28.4,58.8,16.58
2025-02-16 13:31:38,28.4,60.5,16.47
2025-02-16 13:31:44,28.4,60.5,16.57
2025-02-16 13:31:50,28.4,60.5,16.25
2025-02-16 13:31:56,28.4,60.5,16.43
2025-02-16 13:32:02,28.4,60.8,16.4
2025-02-16 13:32:08,28.5,61.1,16.52
2025-02-16 13:32:15,28.5,61.3,16.56
2025-02-16 13:32:21,28.5,61.2,16.47
2025-02-16 13:32:27,28.5,61.1,16.5
2025-02-16 13:32:33,28.5,61.1,16.43
2025-02-16 13:32:40,28.6,61.2,16.48
2025-02-16 13:32:46,28.6,61.5,16.47
2025-02-16 13:32:52,28.6,61.8,16.49
2025-02-16 13:32:58,28.7,61.8,16.45
2025-02-16 13:33:04,28.7,62.0,16.36
2025-02-16 13:33:11,28.7,62.0,16.49
2025-02-16 13:33:16,28.7,62.0,16.55
2025-02-16 13:33:22,28.7,62.1,16.49
2025-02-16 13:33:29,28.8,62.0,16.5
2025-02-16 13:33:35,28.7,61.8,16.53
2025-02-16 13:33:41,28.8,61.5,16.46
2025-02-16 13:33:47,28.8,61.5,16.36
2025-02-16 13:33:53,28.8,61.4,16.52
2025-02-16 13:33:59,28.8,61.5,16.46
2025-02-16 13:34:05,28.9,61.4,16.49
2025-02-16 13:34:11,28.9,61.4,16.38
2025-02-16 13:34:18,28.9,61.4,16.43
2025-02-16 13:34:23,28.9,61.3,16.54
2025-02-16 13:34:29,28.9,61.3,16.49
2025-02-16 13:34:35,28.9,61.4,16.52
2025-02-16 13:34:41,29.0,61.3,16.49
2025-02-16 13:34:48,29.0,61.3,16.67
2025-02-16 13:34:54,29.0,61.2,16.44
2025-02-16 13:35:00,29.0,61.1,16.48
2025-02-16 13:35:06,29.0,61.1,16.56
2025-02-16 13:35:12,29.0,61.0,16.48
2025-02-16 13:35:18,29.0,60.9,16.51
2025-02-16 13:35:25,29.1,60.9,16.56
2025-02-16 13:35:31,29.0,60.9,16.48
2025-02-16 13:35:37,29.0,60.9,16.49
2025-02-16 13:35:43,29.1,60.9,16.44
2025-02-16 13:35:49,29.2,60.9,16.5
2025-02-16 13:35:55,29.1,60.9,16.6
2025-02-16 13:36:01,29.2,60.7,16.59
2025-02-16 13:36:07,29.2,60.4,16.54
2025-02-16 13:36:13,29.2,60.2,16.47
2025-02-16 13:36:19,29.2,60.0,16.42
2025-02-16 13:36:26,29.1,59.8,16.53
2025-02-16 13:36:32,29.1,59.7,16.54
2025-02-16 13:36:38,29.1,59.6,16.52
2025-02-16 13:36:44,29.1,59.5,16.49
2025-02-16 13:36:50,29.1,59.4,16.53
2025-02-16 13:36:56,29.1,59.3,16.45
2025-02-16 13:37:02,29.0,59.3,16.51
2025-02-16 13:37:09,29.1,59.7,16.38
2025-02-16 13:37:15,29.0,59.7,16.45
2025-02-16 13:37:21,29.0,59.7,16.47
2025-02-16 13:37:27,29.1,59.8,16.56
2025-02-16 13:37:34,29.1,59.9,16.55
2025-02-16 13:37:40,29.1,59.9,16.48
2025-02-16 13:37:45,29.1,59.9,16.48
2025-02-16 13:37:52,29.1,59.9,16.47
2025-02-16 13:37:58,29.0,59.9,16.52
2025-02-16 13:38:04,29.2,59.9,16.49
2025-02-16 13:38:10,29.2,59.9,16.54
2025-02-16 13:38:17,29.2,59.9,16.54
2025-02-16 13:38:23,29.2,59.8,16.55
2025-02-16 13:38:29,29.2,59.8,16.49
2025-02-16 13:38:35,29.2,59.9,16.51
2025-02-16 13:38:41,29.2,59.8,16.51
2025-02-16 13:38:47,29.2,59.8,16.46
2025-02-16 13:38:54,29.2,59.7,16.56
2025-02-16 13:38:59,29.2,59.7,16.5
2025-02-16 13:39:06,29.3,59.5,16.35
2025-02-16 13:39:12,29.2,59.5,16.44
2025-02-16 13:39:18,29.3,59.4,16.45
2025-02-16 13:39:24,29.3,59.3,16.5
2025-02-16 13:39:30,29.3,59.4,16.29
2025-02-16 13:39:36,29.3,59.6,16.58
2025-02-16 13:39:43,29.3,59.8,16.54
2025-02-16 13:39:48,29.3,60.1,16.46
2025-02-16 13:39:55,29.3,60.1,16.47
2025-02-16 13:40:01,29.3,59.8,16.52
2025-02-16 13:40:07,29.3,59.6,16.63
2025-02-16 13:40:14,29.3,59.4,16.4
2025-02-16 13:40:19,29.3,59.2,16.5
2025-02-16 13:40:25,29.3,59.0,16.61
2025-02-16 13:40:32,29.3,58.9,16.43
2025-02-16 13:40:38,29.3,58.8,16.5
2025-02-16 13:40:44,29.3,58.7,16.5
2025-02-16 13:40:50,29.3,58.6,16.62
2025-02-16 13:40:57,29.3,58.5,16.64
2025-02-16 13:41:03,29.3,58.5,16.67
2025-02-16 13:41:09,29.3,58.4,16.44
2025-02-16 13:41:15,29.3,58.4,16.53
2025-02-16 13:41:21,29.3,58.5,16.44
2025-02-16 13:41:27,29.3,58.5,16.51
2025-02-16 13:41:33,29.3,58.4,16.51
2025-02-16 13:41:39,29.3,58.4,16.59
2025-02-16 13:41:45,29.2,58.5,16.44
2025-02-16 13:41:51,29.2,58.5,16.45
2025-02-16 13:41:58,29.2,58.6,16.51
2025-02-16 13:42:04,29.2,58.6,16.5
2025-02-16 13:42:11,29.2,58.6,16.42
2025-02-16 13:42:16,29.2,58.8,16.44
2025-02-16 13:42:23,29.1,58.8,16.48
2025-02-16 13:42:29,29.1,58.9,16.34
2025-02-16 13:42:35,29.1,59.1,16.55
2025-02-16 13:42:41,29.1,59.3,16.67
2025-02-16 13:42:47,29.1,59.5,16.52
2025-02-16 13:42:53,29.1,59.5,16.53
2025-02-16 13:42:59,29.1,59.5,16.53
2025-02-16 13:43:06,29.1,59.6,16.56
2025-02-16 13:43:12,29.1,59.7,16.41
2025-02-16 13:43:18,29.1,59.8,16.4
2025-02-16 13:43:25,29.1,60.0,16.5
2025-02-16 13:43:31,29.2,60.5,16.59
2025-02-16 13:43:37,29.1,60.7,16.38
2025-02-16 13:43:43,29.1,60.7,16.49
2025-02-16 13:43:49,29.2,60.9,16.42
2025-02-16 13:43:56,29.2,61.0,16.41
2025-02-16 13:44:02,29.1,60.9,16.48
2025-02-16 13:44:08,29.1,60.7,16.5
2025-02-16 13:44:14,29.2,60.7,16.79
2025-02-16 13:44:20,29.1,60.9,16.26
2025-02-16 13:44:26,29.2,60.7,16.43
2025-02-16 13:44:32,29.1,60.9,16.51
2025-02-16 13:44:39,29.2,60.9,16.49
2025-02-16 13:44:45,29.1,60.7,16.54
2025-02-16 13:44:51,29.1,60.6,16.55
2025-02-16 13:44:58,29.1,60.5,16.45
2025-02-16 13:45:04,29.0,60.4,16.49
2025-02-16 13:45:10,29.1,60.3,16.52
2025-02-16 13:45:16,29.0,60.3,16.41
2025-02-16 13:45:22,29.1,60.3,16.48
2025-02-16 13:45:28,29.1,60.3,16.48
2025-02-16 13:45:34,29.1,60.6,16.39
2025-02-16 13:45:40,29.1,60.5,16.52
2025-02-16 13:45:46,29.1,60.5,16.42
2025-02-16 13:45:52,29.1,60.4,16.55
2025-02-16 13:45:58,29.1,60.4,16.53
2025-02-16 13:46:05,29.1,60.4,16.28
2025-02-16 13:46:11,29.1,60.7,16.61
2025-02-16 13:46:17,29.1,60.7,15.86
2025-02-16 13:46:23,29.1,60.7,16.48
2025-02-16 13:46:30,29.1,61.0,15.61
2025-02-16 13:46:36,29.1,61.1,18.37
2025-02-16 13:46:42,29.1,61.1,16.52
2025-02-16 13:46:48,29.1,61.1,16.48
2025-02-16 13:46:55,29.1,61.2,16.46
2025-02-16 13:47:01,29.2,61.3,16.48
2025-02-16 13:47:08,29.2,61.3,16.75
2025-02-16 13:47:14,29.2,61.1,16.59
2025-02-16 13:47:20,29.2,61.0,16.48
2025-02-16 13:47:26,29.2,60.9,16.62
2025-02-16 13:47:33,29.2,60.7,16.4
2025-02-16 13:47:39,29.2,60.5,16.51
2025-02-16 13:47:45,29.2,60.5,16.59
2025-02-16 13:47:51,29.2,60.4,16.51
2025-02-16 13:47:57,29.1,60.3,16.59
2025-02-16 13:48:03,29.2,60.4,16.54
2025-02-16 13:48:10,29.1,60.4,16.52
2025-02-16 13:48:16,29.1,60.5,16.45
2025-02-16 13:48:22,29.1,60.5,16.5
2025-02-16 13:48:28,29.1,60.7,16.48
2025-02-16 13:48:34,29.1,60.7,16.46
2025-02-16 13:48:39,29.1,60.9,16.55
2025-02-16 13:48:46,29.1,60.7,16.41
2025-02-16 13:48:51,29.0,60.7,16.44
2025-02-16 13:48:58,29.0,60.9,16.4
2025-02-16 13:49:04,29.1,60.9,16.47
2025-02-16 13:49:10,29.1,60.9,16.57
2025-02-16 13:49:16,29.1,60.9,16.46
2025-02-16 13:49:22,29.1,60.9,16.52
2025-02-16 13:49:28,29.0,60.9,16.54
2025-02-16 13:49:34,29.1,60.7,16.53
2025-02-16 13:49:41,29.1,60.7,16.57
2025-02-16 13:49:47,29.1,60.7,16.5
2025-02-16 13:49:53,29.1,60.7,16.46
2025-02-16 13:49:59,29.1,60.7,16.51
2025-02-16 13:50:06,29.1,60.7,16.48
2025-02-16 13:50:12,29.1,60.6,16.43
2025-02-16 13:50:18,29.1,60.6,16.5
2025-02-16 13:50:24,29.1,60.6,16.39
2025-02-16 13:50:31,29.0,60.6,16.3
2025-02-16 13:50:37,29.1,60.6,16.38
2025-02-16 13:50:43,29.1,60.6,17.42
2025-02-16 13:50:49,29.1,60.6,16.54
2025-02-16 13:50:56,29.1,60.6,16.53
2025-02-16 13:51:01,29.1,60.6,16.46
2025-02-16 13:51:07,29.1,60.7,16.54
2025-02-16 13:51:13,29.1,60.7,16.66
2025-02-16 13:51:19,29.1,60.9,16.42
2025-02-16 13:51:25,29.1,60.9,16.54
2025-02-16 13:51:31,29.0,60.9,16.45
2025-02-16 13:51:38,29.1,61.0,16.48
2025-02-16 13:51:44,29.1,61.1,16.56
2025-02-16 13:51:50,29.1,61.1,16.15
2025-02-16 13:51:56,29.1,61.2,16.63
2025-02-16 13:52:02,29.1,61.2,16.46
2025-02-16 13:52:09,29.1,61.1,16.46
2025-02-16 13:52:15,29.1,61.1,16.55
2025-02-16 13:52:21,29.2,61.1,16.48
2025-02-16 13:52:28,29.1,61.1,16.51
2025-02-16 13:52:34,29.1,61.1,16.5
2025-02-16 13:52:40,29.1,61.1,16.43
2025-02-16 13:52:46,29.2,61.0,16.53
2025-02-16 13:52:52,29.2,60.9,16.46
2025-02-16 13:52:58,29.2,60.9,16.41
2025-02-16 13:53:04,29.2,60.9,16.49
2025-02-16 13:53:10,29.2,60.9,16.54
2025-02-16 13:53:17,29.2,60.7,16.41
2025-02-16 13:53:23,29.1,60.7,16.6
2025-02-16 13:53:29,29.2,60.7,16.48
2025-02-16 13:53:35,29.1,60.7,16.55
2025-02-16 13:53:41,29.2,60.9,16.58
2025-02-16 13:53:47,29.2,60.7,16.42
2025-02-16 13:53:53,29.1,60.7,16.44
2025-02-16 13:53:59,29.2,60.9,16.5
2025-02-16 13:54:06,29.1,60.9,16.54
2025-02-16 13:54:12,29.1,60.9,16.46
2025-02-16 13:54:18,29.1,60.9,16.49
2025-02-16 13:54:24,29.1,60.9,16.42
2025-02-16 13:54:30,29.1,61.0,15.97
2025-02-16 13:54:36,29.1,61.3,16.55
2025-02-16 13:54:42,29.1,61.4,16.5
2025-02-16 13:54:48,29.1,61.6,16.38
2025-02-16 13:54:54,29.1,61.6,16.51
2025-02-16 13:55:00,29.1,61.5,16.44
2025-02-16 13:55:06,29.0,61.4,16.46
2025-02-16 13:55:13,29.1,61.3,16.42
2025-02-16 13:55:19,29.0,61.3,16.42
2025-02-16 13:55:25,29.1,61.5,16.47
2025-02-16 13:55:31,29.0,61.6,16.97
2025-02-16 13:55:37,29.0,61.6,16.46
2025-02-16 13:55:44,29.0,61.6,16.42
2025-02-16 13:55:50,29.0,61.4,16.56
2025-02-16 13:55:56,29.0,61.3,16.52
2025-02-16 13:56:02,29.0,61.3,16.42
2025-02-16 13:56:08,29.0,61.2,16.62
2025-02-16 13:56:14,29.0,61.2,16.42
2025-02-16 13:56:20,28.9,61.5,16.5
2025-02-16 13:56:26,28.9,61.8,16.51
2025-02-16 13:56:32,28.9,61.9,16.43
2025-02-16 13:56:38,28.9,62.0,16.48
2025-02-16 13:56:44,28.9,62.1,16.51
2025-02-16 13:56:51,28.9,62.2,17.79
2025-02-16 13:56:56,28.9,62.3,16.52
2025-02-16 13:57:02,29.0,62.1,16.59
2025-02-16 13:57:08,29.0,62.1,16.28
2025-02-16 13:57:14,29.0,62.2,16.44
2025-02-16 13:57:20,29.0,62.2,16.54
2025-02-16 13:57:27,29.0,62.1,16.46
2025-02-16 13:57:32,29.0,62.1,16.68
2025-02-16 13:57:39,29.0,62.1,16.42
2025-02-16 13:57:45,29.0,62.4,16.49
2025-02-16 13:57:51,29.1,62.6,16.46
2025-02-16 13:57:57,29.1,62.6,16.49
2025-02-16 13:58:04,29.1,62.6,16.41
2025-02-16 13:58:10,29.1,62.4,16.47
2025-02-16 13:58:16,29.1,62.4,16.5
2025-02-16 13:58:23,29.1,62.4,16.42
2025-02-16 13:58:29,29.2,62.3,16.49
2025-02-16 13:58:35,29.1,62.1,16.57
2025-02-16 13:58:41,29.2,61.9,16.46
2025-02-16 13:58:47,29.2,61.7,16.59
2025-02-16 13:58:54,29.1,61.6,16.5
2025-02-16 13:59:00,29.2,61.4,16.53
2025-02-16 13:59:06,29.1,61.2,16.54
2025-02-16 13:59:12,29.1,61.2,16.48
2025-02-16 13:59:19,29.1,61.1,16.23
2025-02-16 13:59:24,29.1,61.1,16.45
2025-02-16 13:59:30,29.1,61.0,16.52
2025-02-16 13:59:36,29.1,60.9,16.6
2025-02-16 13:59:43,29.1,60.9,16.51
2025-02-16 13:59:49,29.1,60.9,16.59
2025-02-16 13:59:55,29.0,60.9,16.54
2025-02-16 14:00:01,29.0,60.9,16.56
2025-02-16 14:00:07,29.0,60.9,16.47
2025-02-16 14:00:13,29.0,60.9,16.52
2025-02-16 14:00:19,28.9,61.0,16.46
2025-02-16 14:00:25,28.9,61.0,16.53
2025-02-16 14:00:32,28.9,61.0,16.51
2025-02-16 14:00:38,28.9,61.0,16.55
2025-02-16 14:00:44,28.9,61.0,16.41
2025-02-16 14:00:51,28.9,61.0,16.53
2025-02-16 14:00:57,28.9,61.0,16.49
2025-02-16 14:01:03,28.9,61.0,16.49
2025-02-16 14:01:09,28.9,61.0,16.47
2025-02-16 14:01:15,28.9,61.0,16.38
2025-02-16 14:01:21,28.9,61.0,16.54
2025-02-16 14:01:28,28.8,61.0,16.5
2025-02-16 14:01:33,28.8,61.1,16.5
2025-02-16 14:01:39,28.8,61.1,16.56
2025-02-16 14:01:46,28.8,61.1,16.55
2025-02-16 14:01:52,28.8,61.1,16.47
2025-02-16 14:01:58,28.8,61.2,16.51
2025-02-16 14:02:05,28.8,61.2,16.49
2025-02-16 14:02:11,28.8,61.2,16.5
2025-02-16 14:02:18,28.8,61.3,16.56
2025-02-16 14:02:23,28.8,61.3,16.47
2025-02-16 14:02:29,28.8,61.4,16.52
2025-02-16 14:02:36,28.8,61.4,16.57
2025-02-16 14:02:42,28.8,61.4,16.39
2025-02-16 14:02:48,28.7,61.5,16.37
2025-02-16 14:02:54,28.8,61.4,16.51
2025-02-16 14:03:00,28.8,61.7,16.49
2025-02-16 14:03:06,28.7,61.8,16.44
2025-02-16 14:03:13,28.8,61.7,16.48
2025-02-16 14:03:19,28.8,61.7,16.52
2025-02-16 14:03:25,28.7,62.0,16.43
2025-02-16 14:03:31,28.8,62.1,16.56
2025-02-16 14:03:38,28.8,62.2,16.47
2025-02-16 14:03:44,28.8,62.3,16.51
2025-02-16 14:03:50,28.8,62.3,16.52
2025-02-16 14:03:56,28.8,62.4,16.48
2025-02-16 14:04:03,28.8,62.5,16.5
2025-02-16 14:04:09,28.8,62.5,16.49
2025-02-16 14:04:15,28.9,62.5,16.49
2025-02-16 14:04:21,28.9,62.6,16.64
2025-02-16 14:04:27,28.9,62.7,16.48
2025-02-16 14:04:33,28.9,62.7,16.5
2025-02-16 14:04:39,28.9,62.5,16.58
2025-02-16 14:04:46,28.9,62.5,16.52
2025-02-16 14:04:52,29.0,62.4,16.44
2025-02-16 14:04:58,29.0,62.2,16.5
2025-02-16 14:05:04,29.0,62.1,16.5
2025-02-16 14:05:10,29.0,62.0,16.43
2025-02-16 14:05:17,29.0,62.2,16.5
2025-02-16 14:05:23,29.0,62.3,16.53
2025-02-16 14:05:29,29.0,62.5,16.36
2025-02-16 14:05:35,29.1,62.6,16.44
2025-02-16 14:05:41,29.1,62.4,16.32
2025-02-16 14:05:47,29.1,62.2,16.48
2025-02-16 14:05:54,29.1,62.1,16.5
2025-02-16 14:06:00,29.1,62.0,16.57
2025-02-16 14:06:06,29.1,62.1,16.57
2025-02-16 14:06:12,29.2,62.2,16.47
2025-02-16 14:06:18,29.2,62.3,16.45
2025-02-16 14:06:24,29.1,62.3,16.64
2025-02-16 14:06:30,29.2,62.3,16.51
2025-02-16 14:06:37,29.2,62.2,16.55
2025-02-16 14:06:43,29.2,62.0,16.42
2025-02-16 14:06:49,29.2,62.0,16.56
2025-02-16 14:06:55,29.2,61.9,16.54
2025-02-16 14:07:02,29.2,61.9,16.54
2025-02-16 14:07:08,29.2,61.9,16.47
2025-02-16 14:07:14,29.2,61.9,16.59
2025-02-16 14:07:20,29.2,61.8,16.44
2025-02-16 14:07:26,29.2,61.9,16.48
2025-02-16 14:07:32,29.2,61.7,16.55
2025-02-16 14:07:38,29.2,61.6,16.42
2025-02-16 14:07:45,29.2,61.4,16.5
2025-02-16 14:07:50,29.2,61.2,16.48
2025-02-16 14:07:57,29.2,61.1,16.64
2025-02-16 14:08:03,29.2,61.1,16.44
2025-02-16 14:08:09,29.2,61.1,16.58
2025-02-16 14:08:16,29.2,61.0,16.53
2025-02-16 14:08:22,29.1,60.9,16.54
2025-02-16 14:08:28,29.1,60.9,16.49
2025-02-16 14:08:34,29.1,60.9,16.44
2025-02-16 14:08:40,29.0,60.9,16.54
2025-02-16 14:08:46,29.1,60.9,16.56
2025-02-16 14:08:52,29.0,60.9,16.36
2025-02-16 14:08:58,29.0,61.3,16.6
2025-02-16 14:09:04,29.0,61.6,16.65
2025-02-16 14:09:10,29.0,61.9,16.46
2025-02-16 14:09:16,29.0,62.0,16.38
2025-02-16 14:09:22,29.1,62.1,16.46
2025-02-16 14:09:29,29.1,62.1,16.48
2025-02-16 14:09:35,29.0,62.1,16.58
2025-02-16 14:09:41,29.1,62.1,16.7
2025-02-16 14:09:47,29.1,62.1,16.47
2025-02-16 14:09:54,29.1,62.4,16.44
2025-02-16 14:10:00,29.1,62.7,16.52
2025-02-16 14:10:06,29.2,62.7,16.54
2025-02-16 14:10:12,29.2,62.7,16.46
2025-02-16 14:10:18,29.2,62.7,16.08
2025-02-16 14:10:24,29.2,62.4,16.96
2025-02-16 14:10:31,29.2,62.4,16.56
2025-02-16 14:10:37,29.3,62.3,16.53
2025-02-16 14:10:43,29.3,62.6,16.52
2025-02-16 14:10:49,29.3,62.3,16.49
2025-02-16 14:10:55,29.3,62.1,16.48
2025-02-16 14:11:01,29.3,62.0,16.43
2025-02-16 14:11:07,29.3,61.8,16.56
2025-02-16 14:11:13,29.3,61.6,16.88
2025-02-16 14:11:19,29.3,61.4,16.46
2025-02-16 14:11:26,29.3,61.3,16.45
2025-02-16 14:11:32,29.3,61.3,16.55
2025-02-16 14:11:38,29.3,61.3,16.48
2025-02-16 14:11:44,29.3,61.5,16.47
2025-02-16 14:11:51,29.3,61.9,16.55
2025-02-16 14:11:57,29.3,62.0,16.52
2025-02-16 14:12:03,29.3,61.8,16.63
2025-02-16 14:12:09,29.3,61.5,16.45
2025-02-16 14:12:16,29.3,61.3,16.55
2025-02-16 14:12:22,29.3,61.2,16.44
2025-02-16 14:12:28,29.3,61.0,16.43
2025-02-16 14:12:34,29.3,61.0,16.49
2025-02-16 14:12:40,29.3,60.8,16.65
2025-02-16 14:12:47,29.2,60.9,16.46
2025-02-16 14:12:53,29.2,61.1,16.48
2025-02-16 14:12:59,29.2,61.3,16.52
2025-02-16 14:13:05,29.2,61.4,16.44
2025-02-16 14:13:11,29.1,61.7,16.5
2025-02-16 14:13:17,29.2,61.9,16.56
2025-02-16 14:13:24,29.2,62.1,16.48
2025-02-16 14:13:30,29.2,62.1,16.52
2025-02-16 14:13:36,29.2,62.0,16.6
2025-02-16 14:13:42,29.2,62.0,16.5
2025-02-16 14:13:49,29.2,62.0,16.52
2025-02-16 14:13:55,29.2,61.9,16.49
2025-02-16 14:14:01,29.2,61.8,16.5
2025-02-16 14:14:07,29.3,61.7,16.69
2025-02-16 14:14:13,29.3,61.6,16.53
2025-02-16 14:14:19,29.3,61.5,16.44
2025-02-16 14:14:26,29.3,61.6,16.56
2025-02-16 14:14:32,29.3,61.5,16.5
2025-02-16 14:14:38,29.3,61.5,16.64
2025-02-16 14:14:44,29.3,61.3,16.41
2025-02-16 14:14:50,29.3,61.5,16.34
2025-02-16 14:14:56,29.3,61.5,16.54
2025-02-16 14:15:02,29.3,61.5,16.47
2025-02-16 14:15:09,29.4,61.5,16.57
2025-02-16 14:15:15,29.4,61.3,16.52
2025-02-16 14:15:21,29.3,61.1,16.5
2025-02-16 14:15:28,29.4,61.0,16.67
2025-02-16 14:15:34,29.3,60.9,16.42
2025-02-16 14:15:41,29.3,60.8,16.37
2025-02-16 14:15:46,29.3,60.8,16.6
2025-02-16 14:15:52,29.3,60.6,16.42
2025-02-16 14:15:59,29.3,60.6,16.55
2025-02-16 14:16:04,29.3,60.8,16.43
2025-02-16 14:16:10,29.2,60.9,16.39
2025-02-16 14:16:16,29.2,61.0,16.7
2025-02-16 14:16:22,29.2,61.0,16.47
2025-02-16 14:16:28,29.2,60.9,16.46
2025-02-16 14:16:34,29.2,60.9,16.48
2025-02-16 14:16:40,29.1,60.9,16.49
2025-02-16 14:16:46,29.1,60.9,16.6
2025-02-16 14:16:52,29.1,60.9,16.52
2025-02-16 14:16:58,29.0,60.9,16.48
2025-02-16 14:17:03,29.0,61.0,16.55
2025-02-16 14:17:09,29.0,61.0,16.51
2025-02-16 14:17:15,29.0,61.1,16.76
2025-02-16 14:17:21,29.0,61.4,16.49
2025-02-16 14:17:27,29.0,61.7,16.44
2025-02-16 14:17:33,29.0,61.9,16.44
2025-02-16 14:17:39,29.0,62.1,16.42
2025-02-16 14:17:46,29.0,62.2,16.77
2025-02-16 14:17:52,29.0,62.4,16.45
2025-02-16 14:17:58,29.0,62.6,16.45
2025-02-16 14:18:04,29.1,62.4,16.52
2025-02-16 14:18:10,29.1,62.5,16.62
2025-02-16 14:18:16,29.1,62.5,16.48
2025-02-16 14:18:23,29.2,62.4,16.41
2025-02-16 14:18:29,29.2,62.6,16.42
2025-02-16 14:18:35,29.2,62.7,16.5
2025-02-16 14:41:54,27.0,73.0,16.54
2025-02-16 14:42:00,27.1,73.1,16.47
2025-02-16 14:42:06,27.2,73.1,16.39
2025-02-16 14:42:12,27.2,73.0,16.46
2025-02-16 14:42:20,27.3,72.8,16.52
2025-02-16 14:42:25,27.4,72.5,16.51
2025-02-16 18:27:43,27.0,80.5,16.43
2025-02-16 18:27:48,27.0,80.4,16.47
2025-02-16 18:27:54,27.0,80.4,16.41
2025-02-16 18:28:00,27.1,80.3,16.45
2025-02-16 18:28:07,27.1,80.2,16.35
2025-02-16 18:28:13,27.1,80.1,16.45
2025-02-16 18:28:18,27.2,80.0,16.44
2025-02-16 18:28:24,27.2,80.0,16.46
2025-02-16 18:28:31,27.2,79.7,16.46
2025-02-16 18:28:37,27.2,79.7,16.41
2025-02-16 18:28:43,27.3,79.5,16.57
2025-02-16 18:28:48,27.3,79.4,16.51
2025-02-16 18:28:55,27.3,79.3,16.48
2025-02-16 18:29:01,27.3,79.2,16.51
2025-02-16 18:29:07,27.4,79.0,16.47
2025-02-16 18:29:13,27.4,79.0,16.53
2025-02-16 18:29:19,27.4,79.0,16.48
2025-02-16 18:29:25,27.4,79.0,16.38
2025-02-16 18:29:31,27.4,78.7,16.45
2025-02-16 18:29:37,27.4,78.6,16.5
2025-02-16 18:29:43,27.4,78.6,16.5
2025-02-16 18:29:49,27.5,78.4,16.56
2025-02-16 18:29:55,27.5,78.4,16.48
2025-02-16 18:30:01,27.5,78.3,16.4
2025-02-16 18:30:07,27.5,78.2,16.48
2025-02-16 18:30:13,27.5,78.2,16.54
2025-02-16 18:30:19,27.5,78.1,16.5
2025-02-16 18:30:26,27.5,78.0,16.49
2025-02-16 18:30:31,27.5,78.0,16.43
2025-02-16 18:30:38,27.5,78.0,16.47
2025-02-16 18:30:44,27.5,78.0,16.46
2025-02-16 18:30:50,27.5,78.0,16.39
2025-02-16 18:30:56,27.5,78.0,16.5
2025-02-16 18:31:02,27.5,78.0,16.5
2025-02-16 18:31:08,27.5,78.0,16.52
2025-02-16 18:31:14,27.5,77.9,16.42
2025-02-16 18:31:20,27.5,77.7,16.48
2025-02-16 18:31:26,27.5,77.7,16.38
2025-02-16 18:31:32,27.5,77.7,16.51
2025-02-16 18:31:38,27.5,77.7,16.46
2025-02-16 18:31:44,27.5,77.6,16.46
2025-02-16 18:31:50,27.5,77.6,16.41
2025-02-16 18:31:56,27.5,77.6,16.4
2025-02-16 18:32:03,27.5,77.5,16.56
2025-02-16 18:32:09,27.5,77.5,16.41
2025-02-16 18:32:15,27.6,77.5,16.46
2025-02-16 18:32:21,27.5,77.5,16.47
2025-02-16 18:32:27,27.5,77.5,16.47
2025-02-16 18:32:33,27.5,77.5,16.53
2025-02-16 18:32:39,27.6,77.5,16.43
2025-02-16 18:32:45,27.6,77.5,16.53
2025-02-16 18:32:51,27.6,77.5,16.45
2025-02-16 18:32:57,27.5,77.4,16.37
2025-02-16 18:33:03,27.6,77.4,16.36
2025-02-16 18:33:09,27.5,77.4,16.47
2025-02-16 18:33:15,27.5,77.4,16.47
2025-02-16 18:33:21,27.5,77.4,16.44
2025-02-16 18:33:27,27.5,77.4,16.48
2025-02-16 18:33:33,27.5,77.4,16.47
2025-02-16 18:33:39,27.5,77.4,16.45
2025-02-16 18:33:45,27.5,77.4,16.47
2025-02-16 18:33:52,27.5,77.4,16.51
2025-02-16 18:33:58,27.5,77.4,16.53
2025-02-16 18:34:03,27.5,77.4,16.46
2025-02-16 18:34:10,27.5,77.4,16.47
2025-02-16 18:34:16,27.5,77.4,16.49
2025-02-16 18:34:22,27.6,77.4,16.41
2025-02-16 18:34:28,27.5,77.4,16.34
2025-02-16 18:34:34,27.6,77.4,16.49
2025-02-16 18:34:40,27.5,77.4,16.36
2025-02-16 18:34:46,27.5,77.4,16.57
2025-02-16 18:34:53,27.5,77.4,16.48
2025-02-16 18:34:59,27.6,77.4,16.4
2025-02-16 18:35:05,27.5,77.4,16.45
2025-02-16 18:35:11,27.5,77.4,16.49
2025-02-16 18:35:18,27.5,77.4,16.49
2025-02-16 18:35:23,27.5,77.4,16.42
2025-02-16 18:35:29,27.5,77.4,16.42
2025-02-16 18:35:35,27.5,77.4,16.49
2025-02-16 18:35:42,27.5,77.4,16.48
2025-02-16 18:35:48,27.5,77.4,16.53
2025-02-16 18:35:54,27.5,77.4,16.43
2025-02-16 18:36:01,27.5,77.4,16.47
2025-02-16 18:36:07,27.5,77.4,16.44
2025-02-16 18:36:13,27.5,77.4,16.46
2025-02-16 18:36:19,27.5,77.4,16.51
2025-02-16 18:36:25,27.5,77.4,16.38
2025-02-16 18:36:32,27.5,77.4,16.48
2025-02-16 18:36:38,27.5,77.4,16.48
2025-02-16 18:36:44,27.5,77.4,16.58
2025-02-16 18:36:50,27.5,77.4,16.48
2025-02-16 18:36:56,27.5,77.4,16.47
2025-02-16 18:37:02,27.5,77.4,16.51
2025-02-16 18:37:08,27.5,77.4,16.45
2025-02-16 18:37:14,27.5,77.4,16.45
2025-02-16 18:37:21,27.5,77.4,16.41
2025-02-16 18:37:27,27.5,77.4,16.45
2025-02-16 18:37:33,27.5,77.4,16.49
2025-02-16 18:37:39,27.5,77.4,16.46
2025-02-16 18:37:46,27.5,77.4,16.48
2025-02-16 18:37:52,27.5,77.4,16.53
2025-02-16 18:37:58,27.5,77.4,16.49
2025-02-16 18:38:04,27.5,77.4,16.53
2025-02-16 18:38:11,27.5,77.4,16.41
2025-02-16 18:38:17,27.5,77.4,16.46
2025-02-16 18:38:23,27.5,77.4,16.4
2025-02-16 18:38:29,27.5,77.4,16.5
2025-02-16 18:38:36,27.5,77.5,16.52
2025-02-16 18:38:42,27.6,77.5,16.48
2025-02-16 18:38:48,27.5,77.4,16.42
2025-02-16 18:38:54,27.6,77.4,16.44
2025-02-16 18:39:01,27.6,77.4,16.5
2025-02-16 18:39:07,27.6,77.4,16.47
2025-02-16 18:39:13,27.6,77.4,16.44
2025-02-16 18:39:19,27.6,77.4,16.42
2025-02-16 18:39:25,27.6,77.4,16.48
2025-02-16 18:39:32,27.6,77.4,16.49
2025-02-16 18:39:38,27.5,77.4,16.49
2025-02-16 18:39:44,27.6,77.4,16.38
2025-02-16 18:39:50,27.6,77.4,16.42
2025-02-16 18:39:56,27.6,77.4,16.51
2025-02-16 18:40:02,27.6,77.4,16.37
2025-02-16 18:40:08,27.6,77.4,16.55
2025-02-16 18:40:14,27.7,77.4,16.45
2025-02-16 18:40:20,27.6,77.4,16.46
2025-02-16 18:40:26,27.6,77.4,16.44
2025-02-16 18:40:32,27.6,77.4,16.51
2025-02-16 18:40:39,27.6,77.4,16.52
2025-02-16 18:40:45,27.6,77.4,16.54
2025-02-16 18:40:51,27.7,77.4,16.39
2025-02-16 18:40:57,27.6,77.4,16.52
2025-02-16 18:41:04,27.7,77.4,16.48
2025-02-16 18:41:10,27.6,77.4,16.47
2025-02-16 18:41:16,27.7,77.4,16.53
2025-02-16 18:41:22,27.7,77.1,16.44
2025-02-16 18:41:29,27.7,77.4,16.46
2025-02-16 18:41:35,27.6,77.4,16.52
2025-02-16 18:41:41,27.6,77.4,16.47
2025-02-16 18:41:47,27.6,77.1,16.37
2025-02-16 18:41:53,27.7,77.4,16.48
2025-02-16 18:42:00,27.6,77.4,16.51
2025-02-16 18:42:05,27.7,77.4,16.51
2025-02-16 18:42:12,27.7,77.1,16.54
2025-02-16 18:42:18,27.6,77.1,16.47
2025-02-16 18:42:24,27.7,77.4,16.44
2025-02-16 18:42:30,27.7,77.4,16.47
2025-02-16 18:42:36,27.7,77.4,16.42
2025-02-16 18:42:42,27.7,77.2,16.4
2025-02-16 18:42:48,27.7,77.1,16.37
2025-02-16 18:42:54,27.7,77.1,16.59
2025-02-16 18:43:01,27.7,77.4,16.54
2025-02-16 18:43:07,27.7,77.1,16.43
2025-02-16 18:43:13,27.6,77.4,16.47
2025-02-16 18:43:18,27.7,77.1,16.45
2025-02-16 18:43:24,27.7,77.4,16.49
2025-02-16 18:43:30,27.6,77.4,16.4
2025-02-16 18:43:35,27.6,77.4,16.51
2025-02-16 18:43:42,27.7,77.4,16.5
2025-02-16 18:43:47,27.6,77.4,16.46
2025-02-16 18:43:53,27.7,77.4,16.34
2025-02-16 18:43:59,27.6,77.4,16.44
2025-02-16 18:44:05,27.7,77.4,16.39
2025-02-16 18:44:10,27.7,77.4,16.51
2025-02-16 18:44:16,27.7,77.4,16.54
2025-02-16 18:44:22,27.7,77.4,16.49
2025-02-16 18:44:27,27.6,77.4,16.42
2025-02-16 18:44:33,27.6,77.4,16.43
2025-02-16 18:44:39,27.7,77.4,16.46
2025-02-16 18:44:45,27.7,77.1,16.59
2025-02-16 18:44:50,27.7,77.4,16.42
2025-02-16 18:44:56,27.7,77.4,16.54
2025-02-16 18:45:02,27.6,77.4,16.42
2025-02-16 18:45:07,27.6,77.4,16.43
2025-02-16 18:45:13,27.6,77.4,16.48
2025-02-16 18:45:19,27.7,77.4,16.51
2025-02-16 18:45:25,27.7,77.4,16.47
2025-02-16 18:45:31,27.7,77.4,16.45
2025-02-16 18:45:38,27.6,77.2,16.48
2025-02-16 18:45:44,27.6,77.4,16.47
2025-02-16 18:45:50,27.7,77.4,16.51
2025-02-16 18:45:56,27.7,77.4,16.54
2025-02-16 18:46:01,27.7,77.4,16.41
2025-02-16 18:46:07,27.7,77.4,16.38
2025-02-16 18:46:13,27.7,77.4,16.41
2025-02-16 18:46:19,27.6,77.4,16.43
2025-02-16 18:46:24,27.6,77.4,16.45
2025-02-16 18:46:30,27.7,77.4,16.5
2025-02-16 18:46:36,27.7,77.4,16.49
2025-02-16 18:46:41,27.7,77.4,16.47
2025-02-16 18:46:47,27.6,77.4,16.46
2025-02-16 18:46:53,27.7,77.4,16.45
2025-02-16 18:47:00,27.7,77.4,16.4
2025-02-16 18:47:05,27.7,77.4,16.57
2025-02-16 18:47:11,27.7,77.4,16.45
2025-02-16 18:47:17,27.7,77.4,16.56
2025-02-16 18:47:23,27.7,77.4,16.44
2025-02-16 18:47:29,27.7,77.4,16.43
2025-02-16 18:47:35,27.7,77.4,16.62
2025-02-16 18:47:41,27.7,77.4,16.47
2025-02-16 18:47:47,27.6,77.4,16.56
2025-02-16 18:47:53,27.6,77.4,16.42
2025-02-16 18:47:59,27.7,77.4,16.47
2025-02-16 18:48:05,27.6,77.4,16.53
2025-02-16 18:48:11,27.6,77.4,16.44
2025-02-16 18:48:16,27.7,77.4,16.4
2025-02-16 18:48:22,27.7,77.4,16.49
2025-02-16 18:48:29,27.7,77.4,16.46
2025-02-16 18:48:34,27.6,77.4,16.44
2025-02-16 18:48:40,27.6,77.4,16.42
2025-02-16 18:48:46,27.6,77.4,16.48
2025-02-16 18:48:52,27.6,77.4,16.47
2025-02-16 18:48:58,27.6,77.5,16.53
2025-02-16 18:49:03,27.6,77.5,16.5
2025-02-16 18:49:09,27.6,77.5,16.54
2025-02-16 18:49:15,27.5,77.5,16.43
2025-02-16 18:49:21,27.6,77.5,16.46
2025-02-16 18:49:27,27.6,77.5,16.49
2025-02-16 18:49:32,27.5,77.5,16.45
2025-02-16 18:49:38,27.5,77.6,16.49
2025-02-16 18:49:44,27.5,77.6,16.45
2025-02-16 18:49:50,27.5,77.7,16.43
2025-02-16 18:49:56,27.5,77.7,16.39
2025-02-16 18:50:02,27.5,77.7,16.47
2025-02-16 18:50:07,27.5,77.8,16.48
2025-02-16 18:50:13,27.5,77.8,16.41
2025-02-16 18:50:19,27.5,77.9,16.36
2025-02-16 18:50:25,27.5,77.9,16.44
2025-02-16 18:50:31,27.4,78.1,16.49
2025-02-16 18:50:37,27.4,78.1,16.57
2025-02-16 18:50:42,27.4,78.1,16.55
2025-02-16 18:50:48,27.4,78.1,16.55
2025-02-16 18:50:54,27.4,78.2,16.43
2025-02-16 18:51:00,27.4,78.2,16.51
2025-02-16 18:51:05,27.4,78.2,16.48
2025-02-16 18:51:11,27.4,78.2,16.57
2025-02-16 18:51:17,27.4,78.3,16.45
2025-02-16 18:51:23,27.4,78.3,16.48
2025-02-16 18:51:28,27.4,78.3,16.56
2025-02-16 18:51:35,27.4,78.4,16.48
2025-02-16 18:51:40,27.4,78.4,16.47
2025-02-16 18:51:46,27.4,78.4,16.57
2025-02-16 18:51:52,27.3,78.4,16.45
2025-02-16 18:51:58,27.3,78.5,16.51
2025-02-16 18:52:04,27.3,78.6,16.52
2025-02-16 18:52:10,27.4,78.6,16.44
2025-02-16 18:52:16,27.3,78.6,16.46
2025-02-16 18:52:22,27.3,78.6,16.5
2025-02-16 18:52:28,27.3,78.6,16.45
2025-02-16 18:52:34,27.3,78.6,16.55
2025-02-16 18:52:41,27.3,78.6,16.41
2025-02-16 18:52:47,27.3,78.6,16.4
2025-02-16 18:52:53,27.3,78.7,16.5
2025-02-16 18:52:59,27.3,78.7,16.43
2025-02-16 18:53:05,27.3,78.7,16.48
2025-02-16 18:53:11,27.3,78.8,16.45
2025-02-16 18:53:18,27.3,78.8,16.49
2025-02-16 18:53:24,27.3,79.0,16.45
2025-02-16 18:53:30,27.3,79.0,16.48
2025-02-16 18:53:36,27.3,79.0,16.46
2025-02-16 18:53:43,27.3,79.0,16.54
2025-02-16 18:53:49,27.3,79.0,16.53
2025-02-16 18:53:55,27.3,79.0,16.48
2025-02-16 18:54:01,27.3,79.0,16.48
2025-02-16 18:54:07,27.4,79.0,16.51
2025-02-16 18:54:14,27.4,79.0,16.46
2025-02-16 18:54:20,27.3,79.0,16.34
2025-02-16 18:54:26,27.3,79.0,16.52
2025-02-16 18:54:32,27.3,79.0,16.45
2025-02-16 18:54:38,27.3,79.0,16.41
2025-02-16 18:54:44,27.3,79.0,16.46
2025-02-16 18:54:50,27.4,79.0,16.41
2025-02-16 18:54:56,27.4,79.0,16.49
2025-02-16 18:55:03,27.3,79.0,16.45
2025-02-16 18:55:09,27.4,79.0,16.46
2025-02-16 18:55:15,27.3,79.0,16.5
2025-02-16 18:55:21,27.3,79.0,16.45
2025-02-16 18:55:27,27.3,79.0,16.4
2025-02-16 18:55:33,27.4,79.0,16.47
2025-02-16 18:55:40,27.3,79.0,16.45
2025-02-16 18:55:46,27.4,79.0,16.51
2025-02-16 18:55:52,27.3,79.0,16.36
2025-02-16 18:55:58,27.3,79.0,16.55
2025-02-16 18:56:04,27.4,79.0,16.46
2025-02-16 18:56:10,27.3,79.0,16.31
2025-02-16 18:56:17,27.3,79.0,16.39
2025-02-16 18:56:23,27.3,79.0,16.5
2025-02-16 18:56:29,27.3,79.0,16.52
2025-02-16 18:56:35,27.4,79.0,16.48
2025-02-16 18:56:41,27.4,79.0,16.48
2025-02-16 18:56:47,27.3,79.0,16.34
2025-02-16 18:56:54,27.3,79.0,16.43
2025-02-16 18:57:00,27.3,79.0,16.55
2025-02-16 18:57:06,27.3,79.0,16.52
2025-02-16 18:57:12,27.4,79.0,16.59
2025-02-16 18:57:18,27.3,79.0,16.44
2025-02-16 18:57:24,27.3,79.0,16.44
2025-02-16 18:57:30,27.3,79.0,16.54
2025-02-16 18:57:37,27.3,79.0,16.49
2025-02-16 18:57:43,27.3,79.0,16.54
2025-02-16 18:57:49,27.3,79.0,16.54
2025-02-16 18:57:55,27.3,79.0,16.4
2025-02-16 18:58:01,27.3,79.0,16.57
2025-02-16 18:58:07,27.3,79.0,16.43
2025-02-16 18:58:13,27.3,79.0,16.4
2025-02-16 18:58:19,27.3,79.0,16.51
2025-02-16 18:58:25,27.3,79.0,16.5
2025-02-16 18:58:31,27.3,79.0,16.38
2025-02-16 18:58:37,27.3,79.0,16.48
2025-02-16 18:58:44,27.3,79.0,16.51
2025-02-16 18:58:50,27.3,79.0,16.4
2025-02-16 18:58:56,27.3,79.0,16.49
2025-02-16 18:59:02,27.3,79.0,16.51
2025-02-16 18:59:08,27.3,79.0,16.47
2025-02-16 18:59:15,27.4,79.0,16.57
2025-02-16 18:59:20,27.3,79.0,16.45
2025-02-16 18:59:26,27.4,79.0,16.49
2025-02-16 18:59:33,27.3,79.0,16.53
2025-02-16 18:59:39,27.4,78.8,16.39
2025-02-16 18:59:45,27.4,78.7,16.56
2025-02-16 18:59:51,27.4,78.7,16.5
2025-02-16 18:59:58,27.4,78.7,16.55
2025-02-16 19:00:04,27.4,78.7,16.5
2025-02-16 19:00:10,27.4,78.6,16.52
2025-02-16 19:00:16,27.4,78.6,16.53
2025-02-16 19:00:22,27.4,78.6,16.54
2025-02-16 19:00:28,27.4,78.6,16.52
2025-02-16 19:00:34,27.4,78.6,16.5
2025-02-16 19:00:41,27.4,78.6,16.49
2025-02-16 19:00:47,27.4,78.6,16.52
2025-02-16 19:00:53,27.4,78.6,16.46
2025-02-16 19:00:59,27.4,78.6,16.57
2025-02-16 19:01:06,27.4,78.6,16.41
2025-02-16 19:01:11,27.4,78.6,16.41
2025-02-16 19:01:17,27.4,78.6,16.47
2025-02-16 19:01:23,27.4,78.5,16.44
2025-02-16 19:01:30,27.4,78.6,16.43
2025-02-16 19:01:36,27.4,78.5,16.53
2025-02-16 19:01:42,27.3,78.5,16.45
2025-02-16 19:01:48,27.4,78.5,16.43
2025-02-16 19:01:54,27.4,78.4,16.49
2025-02-16 19:02:01,27.4,78.4,16.52
2025-02-16 19:02:07,27.3,78.4,16.49
2025-02-16 19:02:13,27.4,78.4,16.54
2025-02-16 19:02:19,27.4,78.5,16.46
2025-02-16 19:02:25,27.4,78.5,16.45
2025-02-16 19:02:32,27.4,78.6,16.46
2025-02-16 19:02:38,27.4,78.6,16.53
2025-02-16 19:02:44,27.4,78.6,16.49
2025-02-16 19:02:50,27.4,78.6,16.42
2025-02-16 19:02:55,27.3,78.6,16.51
2025-02-16 19:03:02,27.3,78.6,16.36
2025-02-16 19:03:08,27.3,78.6,16.46
2025-02-16 19:03:14,27.3,78.6,16.52
2025-02-16 19:03:20,27.3,78.6,16.43
2025-02-16 19:03:26,27.3,78.6,16.49
2025-02-16 19:03:32,27.3,78.6,16.54
2025-02-16 19:03:38,27.3,78.6,16.49
2025-02-16 19:03:45,27.3,78.7,16.58
2025-02-16 19:03:51,27.3,78.7,16.41
2025-02-16 19:03:57,27.3,78.7,16.4
2025-02-16 19:04:03,27.3,78.8,16.45
2025-02-16 19:04:09,27.3,79.0,16.4
2025-02-16 19:04:16,27.3,79.0,16.47
2025-02-16 19:04:21,27.3,79.0,16.51
2025-02-16 19:04:28,27.3,79.0,16.5
2025-02-16 19:04:34,27.3,79.0,16.46
2025-02-16 19:04:40,27.3,79.0,16.41
2025-02-16 19:04:46,27.3,79.0,16.41
2025-02-16 19:04:52,27.3,79.0,16.48
2025-02-16 19:04:59,27.3,79.0,16.37
2025-02-16 19:05:05,27.3,79.0,16.48
2025-02-16 19:05:11,27.3,79.0,16.5
2025-02-16 19:05:17,27.3,79.0,16.42
2025-02-16 19:05:24,27.3,79.0,16.42
2025-02-16 19:05:30,27.3,79.0,16.5
2025-02-16 19:05:36,27.3,79.0,16.45
2025-02-16 19:05:42,27.3,79.0,16.45
2025-02-16 19:05:48,27.3,79.0,16.58
2025-02-16 19:05:54,27.3,79.0,16.48
2025-02-16 19:06:00,27.3,79.0,16.42
2025-02-16 19:06:06,27.3,79.0,16.52
2025-02-16 19:06:12,27.3,79.1,16.45
2025-02-16 19:06:18,27.3,79.1,16.49
2025-02-16 19:06:24,27.3,79.1,16.44
2025-02-16 19:06:31,27.3,79.1,16.48
2025-02-16 19:06:37,27.3,79.1,16.54
2025-02-16 19:06:43,27.3,79.1,16.55
2025-02-16 19:06:49,27.3,79.1,16.43
2025-02-16 19:06:56,27.3,79.1,16.43
2025-02-16 19:07:02,27.3,79.1,16.53
2025-02-16 19:07:08,27.3,79.2,16.45
2025-02-16 19:07:14,27.3,79.2,16.43
2025-02-16 19:07:20,27.3,79.2,16.59
2025-02-16 19:07:26,27.3,79.1,16.49
2025-02-16 19:07:33,27.3,79.2,16.51
2025-02-16 19:07:39,27.3,79.2,16.53
2025-02-16 19:07:45,27.3,79.2,16.42
2025-02-16 19:07:51,27.3,79.2,16.51
2025-02-16 19:07:57,27.3,79.2,16.46
2025-02-16 19:08:02,27.3,79.2,16.47
2025-02-16 19:08:08,27.3,79.2,16.46
2025-02-16 19:08:14,27.3,79.2,16.52
2025-02-16 19:08:20,27.3,79.2,16.57
2025-02-16 19:08:26,27.3,79.2,16.53
2025-02-16 19:08:32,27.3,79.1,16.54
2025-02-16 19:08:37,27.3,79.2,16.37
2025-02-16 19:08:43,27.3,79.2,16.39
2025-02-16 19:08:50,27.3,79.2,16.58
2025-02-16 19:08:56,27.3,79.2,16.38
2025-02-16 19:09:02,27.3,79.2,16.42
2025-02-16 19:09:08,27.3,79.2,16.54
2025-02-16 19:09:14,27.3,79.2,16.49
2025-02-16 19:09:20,27.3,79.2,16.51
2025-02-16 19:09:26,27.2,79.3,16.5
2025-02-16 19:09:32,27.2,79.3,16.45
2025-02-16 19:09:38,27.2,79.3,16.38
2025-02-16 19:09:44,27.3,79.2,16.52
2025-02-16 19:09:50,27.3,79.3,16.51
2025-02-16 19:09:56,27.3,79.3,16.44
2025-02-16 19:10:02,27.2,79.4,16.52
2025-02-16 19:10:08,27.3,79.3,16.4
2025-02-16 19:10:13,27.2,79.3,16.47
2025-02-16 19:10:19,27.3,79.3,16.45
2025-02-16 19:10:25,27.2,79.4,16.47
2025-02-16 19:10:31,27.3,79.3,16.5
2025-02-16 19:10:37,27.3,79.3,16.54
2025-02-16 19:10:43,27.3,79.3,16.41
2025-02-16 19:10:49,27.3,79.4,16.55
2025-02-16 19:10:55,27.3,79.4,16.49
2025-02-16 19:11:01,27.2,79.5,16.49
2025-02-16 19:11:07,27.2,79.4,16.49
2025-02-16 19:11:14,27.2,79.5,16.51
2025-02-16 19:11:20,27.3,79.4,16.44
2025-02-16 19:11:26,27.3,79.4,16.41
2025-02-16 19:11:32,27.3,79.4,16.5
2025-02-16 19:11:38,27.2,79.5,16.38
2025-02-16 19:11:44,27.3,79.4,16.5
2025-02-16 19:11:50,27.2,79.5,16.48
2025-02-16 19:11:57,27.2,79.5,16.47
2025-02-16 19:12:03,27.2,79.5,16.49
2025-02-16 19:12:09,27.2,79.5,16.5
2025-02-16 19:12:15,27.2,79.5,16.44
2025-02-16 19:12:21,27.2,79.5,16.5
2025-02-16 19:12:27,27.2,79.5,16.47
2025-02-16 19:12:33,27.2,79.5,16.51
2025-02-16 19:12:40,27.2,79.6,16.51
2025-02-16 19:12:46,27.2,79.6,16.46
2025-02-16 19:12:52,27.2,79.6,16.49
2025-02-16 19:12:57,27.2,79.6,16.51
2025-02-16 19:13:04,27.2,79.6,16.48
2025-02-16 19:13:10,27.2,79.6,16.47
2025-02-16 19:13:16,27.2,79.6,16.48
2025-02-16 19:13:22,27.2,79.6,16.48
2025-02-16 19:13:28,27.2,79.7,16.5
2025-02-16 19:13:34,27.2,79.7,16.45
2025-02-16 19:13:41,27.2,79.7,11.82
2025-02-16 19:13:46,27.2,79.6,17.52
2025-02-16 19:13:53,27.1,79.6,20.22
2025-02-16 19:13:59,27.2,79.7,16.48
2025-02-16 19:14:05,27.2,79.7,16.47
2025-02-16 19:14:11,27.3,79.6,16.46
2025-02-16 19:14:17,27.2,79.7,16.56
2025-02-16 19:14:23,27.2,79.7,16.53
2025-02-16 19:14:29,27.2,79.7,16.52
2025-02-16 19:14:36,27.2,79.7,16.51
2025-02-16 19:14:42,27.2,79.7,13.29
2025-02-16 19:14:48,27.2,79.7,17.84
2025-02-16 19:14:54,27.2,79.7,16.66
2025-02-16 19:15:00,27.2,79.7,16.42
2025-02-16 19:15:06,27.3,79.5,16.41
2025-02-16 19:15:12,27.3,79.5,16.46
2025-02-16 19:15:19,27.3,79.5,16.47
2025-02-16 19:15:25,27.3,79.5,16.43
2025-02-16 19:15:31,27.3,79.5,16.4
2025-02-16 19:15:37,27.3,79.5,16.55
2025-02-16 19:15:43,27.2,79.6,16.5
2025-02-16 19:15:49,27.2,79.5,16.38
2025-02-16 19:15:55,27.3,79.4,16.36
2025-02-16 19:16:02,27.2,79.5,16.47
2025-02-16 19:16:08,27.2,79.5,16.55
2025-02-16 19:16:14,27.2,79.5,16.45
2025-02-16 19:16:20,27.2,79.5,16.46
2025-02-16 19:16:26,27.2,79.5,16.65
2025-02-16 19:16:33,27.2,79.6,16.53
2025-02-16 19:16:39,27.1,79.6,16.5
2025-02-16 19:16:45,27.2,79.6,16.6
2025-02-16 19:16:51,27.2,79.6,16.48
2025-02-16 19:16:57,27.2,79.6,16.36
2025-02-16 19:17:03,27.2,79.6,16.46
2025-02-16 19:17:09,27.2,79.6,16.5
2025-02-16 19:17:15,27.2,79.6,16.43
2025-02-16 19:17:21,27.2,79.6,16.5
2025-02-16 19:17:27,27.2,79.6,16.56
2025-02-16 19:17:34,27.2,79.6,16.5
2025-02-16 19:17:40,27.2,79.6,16.54
2025-02-16 19:17:46,27.2,79.7,16.51
2025-02-16 19:17:52,27.2,79.6,16.6
2025-02-16 19:17:58,27.2,79.6,16.62
2025-02-16 19:18:04,27.2,79.6,16.43
2025-02-16 19:18:10,27.2,79.6,16.53
2025-02-16 19:18:16,27.2,79.6,16.43
2025-02-16 19:18:22,27.2,79.7,16.53
2025-02-16 19:18:29,27.2,79.6,16.44
2025-02-16 19:18:35,27.1,79.6,16.47
2025-02-16 19:18:41,27.2,79.6,16.46
2025-02-16 19:18:47,27.2,79.6,16.49
2025-02-16 19:18:53,27.2,79.6,16.5
2025-02-16 19:19:00,27.2,79.6,16.43
2025-02-16 19:19:06,27.2,79.6,16.47
2025-02-16 19:19:12,27.2,79.6,16.42
2025-02-16 19:19:18,27.2,79.6,16.45
2025-02-16 19:19:24,27.2,79.6,16.46
2025-02-16 19:19:30,27.2,79.6,16.46
2025-02-16 19:19:36,27.2,79.6,16.51
2025-02-16 19:19:42,27.2,79.6,16.46
2025-02-16 19:19:48,27.2,79.6,16.51
2025-02-16 19:19:54,27.1,79.6,16.49
2025-02-16 19:20:00,27.2,79.6,16.51
2025-02-16 19:20:06,27.2,79.6,16.51
2025-02-16 19:20:12,27.1,79.7,39.16
2025-02-16 19:20:20,27.1,79.6,18.75
2025-02-16 19:20:25,27.1,79.6,25.28
2025-02-16 19:20:31,27.1,79.7,16.47
2025-02-16 19:20:37,27.2,79.7,16.5
2025-02-16 19:20:43,27.2,79.7,16.48
2025-02-16 19:20:49,27.2,79.7,16.44
2025-02-16 19:20:55,27.1,79.7,16.56
2025-02-16 19:21:01,27.2,79.7,16.44
2025-02-16 19:21:07,27.2,79.7,16.53
2025-02-16 19:21:13,27.2,79.7,16.54
2025-02-16 19:21:20,27.2,79.7,16.46
2025-02-16 19:21:26,27.2,79.7,16.47
2025-02-16 19:21:32,27.2,79.7,16.45
2025-02-16 19:21:38,27.2,79.7,16.46
2025-02-16 19:21:44,27.1,79.7,16.45
2025-02-16 19:21:50,27.2,79.7,16.36
2025-02-16 19:21:56,27.2,79.7,16.47
2025-02-16 19:22:02,27.1,79.7,16.48
2025-02-16 19:22:08,27.1,79.7,16.49
2025-02-16 19:22:14,27.2,79.8,16.48
2025-02-16 19:22:20,27.2,79.8,16.4
2025-02-16 19:22:27,27.2,79.8,16.45
2025-02-16 19:22:33,27.1,79.9,16.53
2025-02-16 19:22:39,27.1,79.8,16.46
2025-02-16 19:22:45,27.1,79.9,16.5
2025-02-16 19:22:51,27.2,79.9,16.43
2025-02-16 19:22:57,27.1,80.0,20.96
2025-02-16 19:23:03,27.2,80.0,16.38
2025-02-16 19:23:09,27.1,76.9,16.53
2025-02-16 19:23:16,27.2,80.0,16.4
2025-02-16 19:23:22,27.2,80.0,16.37
2025-02-16 19:23:28,28.9,86.9,16.44
2025-02-16 19:38:34,28.1,76.4,16.51
2025-02-16 19:38:40,28.2,76.4,16.51
2025-02-16 19:38:46,28.0,76.4,16.47
2025-02-16 19:38:51,28.1,76.4,16.44
2025-02-16 19:38:57,28.1,76.4,16.47
2025-02-16 19:39:04,28.1,76.4,16.44
2025-02-16 19:39:10,28.1,76.4,16.44
2025-02-16 19:39:15,28.1,76.4,16.49
2025-02-16 19:39:22,28.1,76.4,16.53
2025-02-16 19:39:28,28.0,76.4,16.15
2025-02-16 19:39:34,28.0,76.4,16.57
2025-02-16 19:39:40,28.0,76.4,16.47
2025-02-16 19:39:46,28.0,76.4,16.5
2025-02-16 19:39:52,28.0,76.4,16.46
2025-02-16 19:39:58,28.0,76.5,16.47
2025-02-16 19:40:05,28.0,76.5,16.48
2025-02-16 19:40:11,28.0,76.5,16.52
2025-02-16 19:40:17,28.0,76.5,16.46
2025-02-16 19:40:23,28.0,76.5,17.53
2025-02-16 19:40:29,28.0,76.5,16.47
2025-02-16 19:40:35,28.0,76.5,16.53
2025-02-16 19:40:42,28.0,76.5,16.43
2025-02-16 19:40:48,28.0,76.5,16.43
2025-02-16 19:40:54,28.0,76.5,16.11
2025-02-16 19:41:00,28.0,76.5,16.51
2025-02-16 19:41:06,28.0,76.5,16.49
2025-02-16 19:41:12,28.0,76.5,16.45
2025-02-16 19:41:18,28.0,76.5,16.4
2025-02-16 19:41:25,28.0,76.5,16.56
2025-02-16 19:41:31,28.0,76.5,16.46
2025-02-16 19:41:37,28.0,76.5,16.35
2025-02-16 19:41:43,28.0,76.5,16.46
2025-02-16 19:41:49,28.0,76.5,16.53
2025-02-16 19:41:56,28.0,76.5,16.48
2025-02-16 19:42:02,28.0,76.5,16.38
2025-02-16 19:42:08,28.0,76.5,16.33
2025-02-16 19:42:14,28.0,76.5,16.53
2025-02-16 19:42:19,28.0,76.5,16.46
2025-02-16 19:42:26,28.0,76.5,16.45
2025-02-16 19:42:32,28.0,76.5,16.46
2025-02-16 19:42:38,27.9,76.7,16.38
2025-02-16 19:42:44,28.0,76.7,16.47
2025-02-16 19:42:51,27.9,76.8,16.52
2025-02-16 19:42:57,27.9,76.9,16.53
2025-02-16 19:43:03,27.9,76.9,16.48
2025-02-16 19:43:09,28.0,76.8,16.54
2025-02-16 19:43:15,28.0,76.8,16.46
2025-02-16 19:43:21,28.0,76.8,16.51
2025-02-16 19:43:27,28.0,76.8,16.44
2025-02-16 19:43:34,28.0,76.8,16.42
2025-02-16 19:43:40,28.0,76.8,16.31
2025-02-16 19:43:46,28.0,76.8,16.54
2025-02-16 19:43:52,27.9,76.9,16.49
2025-02-16 19:43:58,28.0,76.8,16.47
2025-02-16 19:44:04,27.9,76.9,16.32
2025-02-16 19:44:10,28.0,76.8,16.53
2025-02-16 19:44:16,28.0,76.8,16.15
2025-02-16 19:44:22,28.0,76.8,16.47
2025-02-16 19:44:29,27.9,76.9,16.44
2025-02-16 19:44:35,27.9,76.9,16.46
2025-02-16 19:44:41,27.9,76.9,16.34
2025-02-16 19:44:47,27.9,76.9,16.53
2025-02-16 19:44:53,27.9,76.9,16.43
2025-02-16 19:44:59,27.9,76.9,16.33
2025-02-16 19:45:05,27.9,76.9,16.43
2025-02-16 19:45:11,27.9,76.9,16.46
2025-02-16 19:45:17,27.9,76.9,16.47
2025-02-16 19:45:22,27.9,76.9,16.41
2025-02-16 19:45:28,27.9,76.9,16.44
2025-02-16 19:45:34,27.9,76.9,16.35
2025-02-16 19:45:40,27.9,77.0,16.42
2025-02-16 19:45:46,27.9,77.0,16.47
2025-02-16 19:45:53,27.8,77.0,16.39
2025-02-16 19:45:59,27.9,77.3,16.38
2025-02-16 19:46:05,27.9,77.0,16.48
2025-02-16 19:46:11,27.9,77.3,16.46
2025-02-16 19:46:17,27.9,77.3,16.48
2025-02-16 19:46:23,27.9,77.3,16.48
2025-02-16 19:46:29,27.9,77.3,16.41
2025-02-16 19:46:36,27.9,77.3,16.39
2025-02-16 19:46:42,27.9,77.3,16.45
2025-02-16 19:46:48,27.9,77.3,16.49
2025-02-16 19:46:54,27.9,77.3,16.42
2025-02-16 19:47:00,28.0,77.2,16.43
2025-02-16 19:47:07,28.0,76.9,16.67
2025-02-16 19:47:13,27.9,77.0,14.63
2025-02-16 19:47:19,27.9,77.0,5.51
2025-02-16 19:47:25,27.9,77.0,16.43
2025-02-16 19:47:31,27.9,77.0,16.48
2025-02-16 19:47:37,28.1,74.2,5.87
2025-02-16 19:47:43,27.9,77.0,16.39
2025-02-16 19:47:50,27.9,77.0,19.15
2025-02-16 19:47:56,28.0,76.9,26.11
2025-02-16 19:48:02,28.0,76.9,19.82
2025-02-16 19:48:08,28.0,76.9,16.42
2025-02-16 19:48:14,28.0,78.7,16.52
2025-02-16 19:48:20,37.6,92.4,16.5
2025-02-16 19:48:26,45.2,80.0,16.4
2025-02-16 19:48:33,48.3,64.9,16.6
2025-02-16 19:48:39,49.0,53.4,16.49
2025-02-16 19:48:45,48.3,46.1,16.42
2025-02-16 19:48:51,47.0,41.2,16.39
2025-02-16 19:48:57,45.6,37.6,16.51
2025-02-16 19:49:03,44.2,35.1,16.55
2025-02-16 19:49:09,42.9,33.6,16.42
2025-02-16 19:49:16,41.8,32.5,16.41
2025-02-16 19:49:22,40.6,32.2,16.39
2025-02-16 19:49:28,39.6,32.4,16.43
2025-02-16 19:49:34,38.6,33.1,16.49
2025-02-16 19:49:41,37.9,34.2,16.54
2025-02-16 19:49:47,37.0,35.6,16.45
2025-02-16 19:49:53,36.4,37.2,16.37
2025-02-16 19:49:59,35.6,38.8,16.46
2025-02-16 19:50:05,35.1,40.3,16.52
2025-02-16 19:50:12,34.6,42.2,16.36
2025-02-16 19:50:18,34.0,43.8,16.52
2025-02-16 19:50:24,33.6,45.4,16.42
2025-02-16 19:50:30,33.2,47.1,16.43
2025-02-16 19:50:36,32.7,48.7,16.46
2025-02-16 19:50:42,32.3,50.2,16.45
2025-02-16 19:50:49,31.9,51.8,16.49
2025-02-16 19:50:55,31.5,53.2,16.47
2025-02-16 19:51:01,31.4,54.6,16.46
2025-02-16 19:51:07,31.1,55.7,16.54
2025-02-16 19:51:14,30.9,56.9,16.52
2025-02-16 19:51:20,30.6,57.9,16.45
2025-02-16 19:51:26,30.6,58.7,16.48
2025-02-16 19:51:32,30.4,59.7,16.44
2025-02-16 19:51:38,30.3,60.5,16.52
2025-02-16 19:51:44,30.1,61.4,16.39
2025-02-16 19:51:50,29.8,62.4,16.46
2025-02-16 19:51:57,29.8,63.3,16.51
2025-02-16 19:52:03,29.6,64.1,16.43
2025-02-16 19:52:09,29.5,64.7,16.44
2025-02-16 19:52:15,29.4,65.4,16.58
2025-02-16 19:52:21,29.3,66.0,16.56
2025-02-16 19:52:27,29.2,66.6,16.63
2025-02-16 19:52:33,29.2,67.2,16.45
2025-02-16 19:52:39,29.0,67.6,16.49
2025-02-16 19:52:45,29.0,68.1,16.44
2025-02-16 19:52:50,28.9,68.8,16.52
2025-02-16 19:52:57,28.8,69.2,16.49
2025-02-16 19:53:03,28.8,69.5,16.48
2025-02-16 19:53:09,28.8,70.0,16.5
2025-02-16 19:53:14,28.7,70.5,16.45
2025-02-16 19:53:21,28.7,70.8,16.49
2025-02-24 15:10:02,29.5,65.0,16.47
2025-02-24 15:10:08,29.5,65.0,16.43
2025-02-24 15:10:15,29.5,65.0,16.41
2025-02-24 15:10:21,29.5,65.0,16.48
2025-02-24 15:10:27,29.5,65.0,16.46
2025-02-24 15:36:48,29.4,66.5,16.5
2025-02-24 15:36:54,29.4,66.5,16.37
2025-02-24 15:37:00,29.4,66.5,16.59
2025-02-24 15:37:06,29.5,66.4,16.44
2025-02-24 15:37:12,29.5,66.3,16.53
2025-02-24 15:37:19,29.4,66.3,16.47
2025-02-24 15:37:25,29.5,66.1,16.41
2025-02-24 15:37:31,29.5,66.0,16.45
2025-02-24 15:37:38,29.5,66.0,16.52
2025-02-24 15:37:44,29.5,65.9,17.7
2025-02-24 15:37:50,29.5,65.9,16.57
2025-02-24 15:37:56,29.5,65.9,16.51
2025-02-24 15:38:02,29.6,65.9,16.4
2025-02-24 15:38:09,29.4,66.0,16.58
2025-02-24 15:38:15,29.6,65.9,16.58
2025-02-24 15:38:21,29.6,65.9,16.61
2025-02-24 15:38:27,29.6,65.9,16.48
2025-02-24 15:38:34,29.6,65.9,16.5
2025-02-24 15:38:40,29.6,65.8,16.51
2025-02-24 15:38:46,29.6,65.7,16.55
2025-02-24 15:38:52,29.6,65.7,16.52
2025-02-24 15:38:59,29.6,65.7,16.54
2025-02-24 15:39:05,29.6,65.7,16.44
2025-02-24 15:39:11,29.7,65.6,16.48
2025-02-24 15:39:18,29.7,65.7,16.35
2025-02-24 15:39:24,29.7,65.7,16.53
2025-02-24 15:39:30,29.7,65.7,16.65
2025-02-24 15:39:36,29.8,65.6,16.64
2025-02-24 15:39:42,29.8,65.6,16.45
2025-02-24 15:39:49,29.7,65.9,16.48
2025-02-24 15:39:55,29.8,65.8,16.51
2025-02-24 15:40:01,29.8,65.8,16.54
2025-02-24 15:40:07,29.9,65.8,16.31
2025-02-24 15:40:13,29.8,65.8,16.53
2025-02-24 15:40:20,29.8,65.8,16.45
2025-02-24 15:40:26,29.9,65.6,15.97
2025-02-24 15:40:32,29.8,65.6,16.54
2025-02-24 15:40:39,29.8,65.5,16.42
2025-02-24 15:40:45,29.8,65.5,16.52
2025-02-24 15:40:51,29.8,65.5,16.44
2025-02-24 15:40:57,29.8,65.5,16.56
2025-02-24 15:41:04,29.8,65.5,16.49
2025-02-24 15:41:10,29.8,65.4,16.51
2025-02-24 15:41:16,29.8,65.5,16.57
2025-02-24 15:41:22,29.9,65.5,16.49
2025-02-24 15:41:28,29.8,65.4,16.6
2025-02-24 15:41:34,29.8,65.3,16.55
2025-02-24 15:41:41,29.8,65.3,16.56
2025-02-24 15:41:47,29.8,65.4,16.61
2025-02-24 15:41:53,29.8,65.5,16.54
2025-02-24 15:41:59,29.8,65.4,16.49
2025-02-24 15:42:06,29.8,65.3,16.46
2025-02-24 15:42:12,29.8,65.5,16.59
2025-02-24 15:42:18,29.9,65.6,16.44
2025-02-24 15:42:24,29.9,65.6,16.49
2025-02-24 15:42:30,29.8,65.5,16.75
2025-02-24 15:42:37,29.8,65.5,16.54
2025-02-24 15:42:43,29.8,65.5,16.11
2025-02-24 15:42:49,29.8,65.5,16.51
2025-02-24 15:42:55,29.7,65.7,16.49
2025-02-24 15:43:01,29.8,65.5,16.53
2025-02-24 15:43:08,29.8,65.5,16.47
2025-02-24 15:43:14,29.8,65.5,16.38
2025-02-24 15:43:20,29.8,65.5,16.53
2025-02-24 15:43:27,29.8,65.5,16.47
2025-02-24 15:43:33,29.8,65.5,16.24
2025-02-24 15:43:39,29.8,65.5,16.47
2025-02-24 15:43:45,29.8,65.5,16.59
2025-02-24 15:43:51,29.8,65.5,16.4
2025-02-24 15:43:58,29.8,65.5,16.51
2025-02-24 15:44:04,29.8,65.5,16.56
2025-02-24 15:44:10,29.8,65.5,16.48
2025-02-24 15:44:16,29.8,65.4,16.36
2025-02-24 15:44:22,29.8,65.4,16.68
2025-02-24 15:44:29,29.8,65.4,16.49
2025-02-24 15:44:35,29.8,65.5,16.51
2025-02-24 15:44:41,29.8,65.5,16.46
2025-03-03 11:56:39,29.0,68.7,16.59
2025-03-03 11:56:45,29.0,68.7,16.47
2025-03-03 11:56:52,29.0,68.7,16.46
2025-03-03 11:56:57,29.0,68.7,16.5
2025-03-03 11:57:05,29.0,68.7,16.5
2025-03-03 11:57:10,29.0,68.7,16.49
2025-03-03 11:57:16,29.0,68.7,16.47
2025-03-03 11:57:22,29.0,68.7,16.56
2025-03-03 11:57:29,29.0,68.5,16.45
2025-03-03 11:57:35,29.0,68.5,16.42
2025-03-03 11:57:41,29.0,68.5,16.23
2025-03-03 11:57:47,29.0,68.5,16.56
2025-03-03 11:57:53,29.0,68.5,16.53
2025-03-03 11:57:59,29.0,68.5,16.46
2025-03-03 11:58:05,29.1,68.5,16.57
2025-03-03 11:58:11,29.1,68.5,16.47
2025-03-03 11:58:18,29.0,68.4,16.55
2025-03-03 11:58:24,29.0,68.4,16.49
2025-03-03 11:58:30,29.0,68.4,16.6
2025-03-03 11:58:36,29.1,68.3,16.47
2025-03-03 11:58:42,29.1,68.3,16.6
2025-03-03 11:58:49,29.0,68.3,16.56
2025-03-03 11:58:55,29.1,68.3,16.55
2025-03-03 11:59:01,29.1,68.3,16.66
2025-03-03 11:59:08,29.0,68.3,16.45
2025-03-03 11:59:14,29.0,68.2,16.55
2025-03-03 11:59:20,29.0,68.2,16.37
2025-03-03 11:59:26,29.1,68.2,16.56
2025-03-03 11:59:32,29.1,68.2,16.55
2025-03-03 11:59:38,29.0,68.2,16.44
2025-03-03 11:59:45,29.1,68.1,16.46
2025-03-03 11:59:51,29.0,68.1,16.57
2025-03-03 11:59:57,29.0,68.1,16.58
2025-03-03 12:00:04,29.0,67.9,16.48
2025-03-03 12:00:09,29.0,67.9,16.52
2025-03-03 12:00:16,29.0,67.9,16.68
2025-03-03 12:00:22,29.1,67.9,16.6
2025-03-03 12:00:28,29.1,67.7,16.48
2025-03-03 12:00:35,29.2,67.7,16.52
2025-03-03 12:00:40,29.0,67.7,16.52
2025-03-03 12:00:47,29.2,67.6,16.52
2025-03-03 12:00:53,29.0,67.6,16.5
2025-03-03 12:00:59,29.2,67.5,16.56
2025-03-03 12:01:05,29.1,67.4,16.54
2025-03-03 12:01:11,29.2,67.4,16.49
2025-03-03 12:01:17,29.0,67.4,16.54
2025-03-03 12:01:23,29.2,67.4,16.45
2025-03-03 12:01:29,29.1,67.4,16.39
2025-03-03 12:01:35,29.2,67.4,16.52
2025-03-03 12:01:42,29.0,67.3,16.55
2025-03-03 12:01:48,29.2,67.3,16.41
2025-03-03 12:01:54,29.1,67.3,16.49
2025-03-03 12:02:00,29.1,67.3,16.43
2025-03-03 12:02:06,29.1,67.3,16.51
2025-03-03 12:02:12,29.0,67.3,16.48
2025-03-03 12:02:18,29.2,67.3,16.37
2025-03-03 12:02:25,29.2,67.3,16.66
2025-03-03 12:02:31,29.1,67.3,16.61
2025-03-03 12:02:37,29.1,67.3,16.41
2025-03-03 12:02:43,29.2,67.3,16.51
2025-03-03 12:02:50,29.1,67.3,16.45
2025-03-03 12:02:56,29.0,67.3,16.51
2025-03-03 12:03:02,29.2,67.3,16.54
2025-03-03 12:03:08,29.2,67.2,16.59
2025-03-03 12:03:15,29.2,67.2,16.51
2025-03-03 12:03:21,29.0,67.3,16.53
2025-03-03 12:03:27,29.2,67.3,16.54
2025-03-03 12:03:33,29.2,67.3,16.6
2025-03-03 12:03:39,29.2,67.3,16.44
2025-03-03 12:03:45,29.1,67.2,16.43
2025-03-03 12:03:51,29.0,67.2,16.45
2025-03-03 12:03:58,29.2,67.2,16.69
2025-03-03 12:04:04,29.2,67.2,16.57
2025-03-03 12:04:10,29.2,67.1,16.57
2025-03-03 12:04:16,29.2,67.1,16.56
2025-03-03 12:04:23,29.1,67.1,16.51
2025-03-03 12:04:29,29.1,67.0,16.53
2025-03-03 12:04:35,29.0,66.9,16.42
2025-03-03 12:04:41,29.1,66.9,16.46
2025-03-03 12:04:47,29.2,66.9,16.55
2025-03-03 12:04:54,29.1,66.9,16.52
2025-03-03 12:05:00,29.1,66.9,16.43
2025-03-03 12:05:05,29.1,66.9,16.44
2025-03-03 12:05:12,29.1,66.9,16.53
2025-03-03 12:05:18,29.2,66.9,16.53
2025-03-03 12:05:24,29.2,66.9,16.6
2025-03-03 12:05:30,29.1,66.9,16.5
2025-03-03 12:05:37,29.0,66.9,16.5
2025-03-03 12:05:43,29.1,66.9,16.48
2025-03-03 12:05:49,29.1,66.9,16.53
2025-03-03 12:05:55,29.0,66.9,16.49
2025-03-03 12:06:01,29.2,66.9,16.46
2025-03-03 12:06:08,29.0,66.9,16.36
2025-03-03 12:06:14,29.1,66.9,16.68
2025-03-03 12:06:20,29.0,66.9,16.56
2025-03-03 12:06:26,29.1,66.9,16.55
2025-03-03 12:06:33,29.1,66.9,16.5
2025-03-03 12:06:39,29.1,66.9,16.48
2025-03-03 12:06:45,29.1,66.8,16.46
2025-03-03 12:06:51,29.1,66.7,16.52
2025-03-03 12:06:57,29.0,66.7,16.58
2025-03-03 12:07:03,29.1,66.7,16.55
2025-03-03 12:07:09,29.2,66.7,16.46
2025-03-03 12:07:16,29.1,66.7,16.44
2025-03-03 12:07:22,29.1,66.7,16.56
2025-03-03 12:07:29,29.2,66.7,16.6
2025-03-03 12:07:35,29.2,66.7,16.47
2025-03-03 12:07:41,29.1,66.6,16.48
2025-03-03 12:07:48,29.2,66.6,16.48
2025-03-03 12:07:54,29.1,66.6,16.52
2025-03-03 12:07:59,29.2,66.6,16.64
2025-03-03 12:08:06,29.0,66.6,16.49
2025-03-03 12:08:12,29.1,66.6,16.48
2025-03-03 12:08:18,29.2,66.6,16.5
2025-03-03 12:08:24,29.1,66.5,16.51
2025-03-03 12:08:30,29.2,66.5,16.42
2025-03-03 12:08:37,29.2,66.4,16.47
2025-03-03 12:08:43,29.2,66.3,16.57
2025-03-03 12:08:50,29.2,66.3,16.48
2025-03-03 12:08:55,29.1,66.3,16.48
2025-03-03 12:09:01,29.2,66.3,16.53
2025-03-03 12:09:07,29.2,66.3,16.36
2025-03-03 12:09:13,29.2,66.3,16.58
2025-03-03 12:09:19,29.2,66.3,16.56
2025-03-03 12:09:26,29.3,66.2,16.55
2025-03-03 12:09:32,29.2,66.3,16.22
2025-03-03 12:09:38,29.2,66.3,28.05
2025-03-03 12:09:44,29.2,66.3,16.74
2025-03-03 12:09:51,29.2,66.3,16.56
2025-03-03 12:09:57,29.2,66.3,15.19
2025-03-03 12:10:03,29.2,66.4,30.1
2025-03-03 12:10:09,29.2,66.4,16.9
2025-03-03 12:10:16,29.2,66.3,18.68
2025-03-03 12:10:22,29.2,66.4,31.45
2025-03-03 12:10:28,29.2,66.5,24.33
2025-03-03 12:10:34,29.2,66.5,21.57
2025-03-03 12:10:41,29.2,66.6,16.38
2025-03-03 12:10:46,29.3,66.6,16.45
2025-03-03 12:10:52,29.2,66.6,16.62
2025-03-03 12:10:58,29.3,66.5,16.49
2025-03-03 12:11:05,29.3,66.5,16.51
2025-03-03 12:11:11,29.2,66.6,16.58
2025-03-03 12:11:17,29.2,66.6,16.53
2025-03-03 12:11:23,29.2,66.6,16.48
2025-03-03 12:11:29,29.3,66.5,16.45
2025-03-03 12:11:35,29.3,66.5,16.46
2025-03-03 12:11:41,29.2,66.6,16.5
2025-03-03 12:11:47,29.2,66.6,16.39
2025-03-03 12:11:54,29.2,66.7,16.35
2025-03-03 12:12:00,29.2,66.7,16.47
2025-03-03 17:52:48,29.2,84.4,16.5
2025-03-03 17:52:54,29.2,84.3,16.39
2025-03-03 17:53:01,29.2,84.3,16.58
2025-03-03 17:53:07,29.3,84.0,16.37
2025-03-03 17:53:13,29.3,84.0,16.56
2025-03-03 17:53:20,29.3,83.8,16.55
2025-03-03 17:53:26,29.3,83.7,16.54
2025-03-03 17:53:32,29.3,83.7,16.66
2025-03-03 17:53:38,29.3,84.0,16.58
2025-03-03 17:53:44,29.4,85.0,16.48
2025-03-03 17:53:51,29.5,84.6,16.49
2025-03-03 17:53:57,29.4,84.5,16.5
2025-03-03 17:54:03,29.5,84.2,16.41
2025-03-03 17:54:09,29.5,84.1,16.27
2025-03-03 17:54:16,29.4,83.8,16.46
2025-03-03 17:54:21,29.4,83.7,16.52
2025-03-03 17:54:28,29.4,83.7,16.56
2025-03-03 17:54:34,29.4,83.7,16.52
2025-03-03 17:54:41,29.4,84.0,16.42
2025-03-03 17:54:47,29.5,83.9,16.39
2025-03-03 17:54:52,29.4,83.7,16.44
2025-03-03 17:54:59,29.5,83.6,16.46
2025-03-03 17:55:05,29.4,83.3,16.52
2025-03-03 17:55:11,29.5,83.2,16.45
2025-03-03 17:55:17,29.5,83.1,16.48
2025-03-03 17:55:23,29.5,82.9,16.66
2025-03-03 17:55:29,29.4,82.8,16.44
2025-03-03 17:55:36,29.5,82.6,16.41
2025-03-03 17:55:41,29.5,82.6,16.47
2025-03-03 17:55:48,29.4,82.3,16.51
2025-03-03 17:55:54,29.3,82.2,16.55
2025-03-03 17:56:01,29.4,82.2,16.58
2025-03-03 17:56:07,29.4,82.2,16.32
2025-03-03 17:56:13,29.2,82.3,16.49
2025-03-03 17:56:19,29.4,82.2,16.49
2025-03-03 17:56:25,29.5,82.1,16.5
2025-03-03 17:56:32,29.4,82.2,16.45
2025-03-03 17:56:38,29.4,82.2,16.55
2025-03-03 17:56:45,29.5,82.1,16.47
2025-03-03 17:56:50,29.5,82.1,16.36
2025-03-03 17:56:57,29.5,81.7,16.35
2025-03-03 17:57:03,29.5,81.7,16.51
2025-03-03 17:57:09,29.5,81.7,16.48
2025-03-03 17:57:16,29.5,81.7,16.52
2025-03-03 17:57:22,29.4,81.8,16.54
2025-03-03 17:57:28,29.5,81.6,16.43
2025-03-03 17:57:35,29.4,81.7,16.54
2025-03-03 17:57:41,29.5,81.4,16.51
2025-03-03 17:57:47,29.5,81.4,16.38
2025-03-03 17:57:53,29.5,81.4,16.5
2025-03-03 17:57:59,29.5,81.4,16.53
2025-03-03 17:58:05,29.4,81.5,16.14
2025-03-03 17:58:11,29.4,81.5,16.54
2025-03-03 17:58:18,29.4,81.5,16.5
2025-03-03 17:58:24,29.4,81.3,16.5
2025-03-03 17:58:30,29.4,81.2,16.46
2025-03-03 17:58:36,29.5,81.1,16.48
2025-03-03 17:58:43,29.5,81.1,16.44
2025-03-03 17:58:49,29.4,81.2,16.44
2025-03-03 17:58:55,29.4,81.2,16.52
2025-03-03 17:59:01,29.4,81.2,16.42
2025-03-03 17:59:08,29.5,81.0,16.44
2025-03-03 17:59:14,29.4,81.1,16.5
2025-03-03 17:59:19,29.5,81.0,16.45
2025-03-03 17:59:26,29.4,81.1,16.48
2025-03-03 17:59:32,29.4,81.1,16.51
2025-03-03 17:59:38,29.4,81.1,16.59
2025-03-03 17:59:44,29.4,81.1,16.43
2025-03-03 17:59:50,29.4,81.1,16.52
2025-03-03 17:59:56,29.4,81.1,16.48
2025-03-03 18:00:03,29.5,81.0,16.54
2025-03-03 18:00:09,29.5,80.9,16.52
2025-03-03 18:00:15,29.4,81.0,16.52
2025-03-03 18:00:21,29.4,81.0,16.56
2025-03-03 18:00:28,29.4,81.0,16.52
2025-03-03 18:00:34,29.4,81.0,16.5
2025-03-03 18:00:40,29.4,81.0,16.46
2025-03-03 18:00:46,29.4,81.0,16.37
2025-03-03 18:00:53,29.4,81.0,16.5
2025-03-03 18:00:59,29.3,81.0,16.52
2025-03-03 18:01:05,29.4,81.0,16.36
2025-03-03 18:01:11,29.4,81.0,16.51
2025-03-03 18:01:17,29.4,81.0,16.5
2025-03-03 18:01:24,29.4,81.0,16.52
2025-03-03 18:01:30,29.4,81.0,16.46
2025-03-03 18:01:36,29.4,81.0,16.52
2025-03-03 18:01:42,29.4,81.0,16.55
2025-03-03 18:01:48,29.4,81.0,16.59
2025-03-03 18:01:54,29.3,81.0,16.44
2025-03-03 18:02:01,29.4,81.0,16.63
2025-03-03 18:02:07,29.4,81.0,16.12
2025-03-03 18:02:13,29.4,81.0,16.56
2025-03-03 18:02:20,29.4,81.0,16.43
2025-03-03 18:02:25,29.4,81.0,16.5
2025-03-03 18:02:32,29.4,81.0,16.44
2025-03-03 18:02:38,29.4,81.0,16.47
2025-03-03 18:02:44,29.4,81.0,16.53
2025-03-03 18:02:50,29.4,81.0,16.35
2025-03-03 18:02:57,29.4,81.0,16.43
2025-03-03 18:03:03,29.4,81.0,16.06
2025-03-03 18:03:09,29.4,81.0,16.42
2025-03-03 18:03:16,29.3,81.0,16.43
2025-03-03 18:03:22,29.4,81.0,16.72
2025-03-03 18:03:29,29.4,81.0,16.6
2025-03-03 18:03:35,29.4,81.0,16.5
2025-03-03 18:03:41,29.4,81.0,16.49
2025-03-03 18:03:48,29.4,81.1,16.6
2025-03-03 18:03:54,29.4,81.0,16.47
2025-03-03 18:04:01,29.4,81.0,16.43
2025-03-03 18:04:07,29.4,81.0,16.43
2025-03-03 18:04:13,29.4,81.0,16.48
2025-03-03 18:04:19,29.4,81.0,16.56
2025-03-03 18:04:25,29.4,81.0,16.57
2025-03-03 18:04:31,29.4,81.0,16.29
2025-03-03 18:04:38,29.4,81.0,16.57
2025-03-03 18:04:44,29.4,81.0,16.47
2025-03-03 18:04:50,29.4,81.0,16.24
2025-03-03 18:04:56,29.4,81.0,16.51
2025-03-03 18:05:03,29.4,81.0,16.25
2025-03-03 18:05:09,29.4,81.0,16.45
2025-03-03 18:05:15,29.4,81.0,16.44
2025-03-03 18:05:21,29.5,81.0,16.61
2025-03-03 18:05:28,29.5,81.0,16.49
2025-03-03 18:05:34,29.4,81.0,16.35
2025-03-03 18:05:40,29.4,81.1,16.54
2025-03-03 18:05:47,29.5,80.9,16.52
2025-03-03 18:05:53,29.5,80.9,16.53
2025-03-03 18:05:59,29.5,80.9,16.3
2025-03-03 18:06:05,29.4,81.0,16.46
2025-03-03 18:06:11,29.4,81.0,17.35
2025-03-03 18:06:18,29.5,80.9,17.05
2025-03-03 18:06:24,29.4,81.0,16.53
2025-03-03 18:06:30,29.4,81.0,16.43
2025-03-03 18:06:36,29.4,81.0,16.47
2025-03-03 18:06:42,29.5,80.9,16.52
2025-03-03 18:06:49,29.5,80.9,16.55
2025-03-03 18:06:55,29.5,80.9,16.39
2025-03-03 18:07:01,29.5,80.9,16.49
2025-03-03 18:07:07,29.5,80.9,16.53
2025-03-03 18:07:13,29.5,80.9,16.46
2025-03-03 18:07:19,29.4,81.0,16.56
2025-03-03 18:07:25,29.5,80.9,16.54
2025-03-03 18:07:32,29.5,80.9,16.53
2025-03-03 18:07:38,29.5,80.9,16.45
2025-03-03 18:07:44,29.4,81.0,16.26
2025-03-03 18:07:51,29.5,80.8,16.34
2025-03-03 18:07:57,29.5,80.9,16.36
2025-03-03 18:08:03,29.4,81.0,16.54
2025-03-03 18:08:09,29.5,80.9,16.68
2025-03-03 18:08:15,29.5,80.8,16.56
2025-03-03 18:08:21,29.4,80.9,16.5
2025-03-03 18:08:28,29.5,80.8,16.53
2025-03-03 18:08:34,29.5,80.8,16.42
2025-03-03 18:08:40,29.5,80.8,16.51
2025-03-03 18:08:46,29.5,80.8,16.52
2025-03-03 18:08:52,29.5,80.8,16.49
2025-03-03 18:08:59,29.5,80.8,16.53
2025-03-03 18:09:05,29.6,80.7,16.48
2025-03-03 18:09:11,29.5,80.7,16.55
2025-03-03 18:09:17,29.5,80.7,16.59
2025-03-03 18:09:24,29.5,80.6,16.43
2025-03-03 18:09:29,29.5,80.6,16.5
2025-03-03 18:09:36,29.6,80.8,16.46
2025-03-03 18:09:42,29.5,80.7,16.7
2025-03-03 18:09:48,29.6,80.9,16.35
2025-03-03 18:09:54,29.6,80.6,16.48
2025-03-03 18:10:00,29.6,80.6,17.16
2025-03-03 18:10:06,29.6,80.6,16.52
2025-03-03 18:10:13,29.6,80.5,16.53
2025-03-03 18:10:18,29.5,80.5,16.43
2025-03-03 18:10:24,29.6,80.5,16.47
2025-03-03 18:10:30,29.6,80.5,16.49
2025-03-03 18:10:37,29.5,80.5,16.5
2025-03-03 18:10:43,29.6,80.5,16.43
2025-03-03 18:10:50,29.6,80.5,16.49
2025-03-03 18:10:56,29.6,80.5,16.43
2025-03-03 18:11:01,29.5,80.5,16.45
2025-03-03 18:11:07,29.6,80.5,16.51
2025-03-03 18:11:15,29.6,80.5,16.43
2025-03-03 18:11:20,29.5,80.5,16.51
2025-03-03 18:11:26,29.6,80.4,16.54
2025-03-03 18:11:32,29.6,80.5,16.6
2025-03-03 18:11:38,29.5,80.4,16.48
2025-03-03 18:11:44,29.5,80.5,16.48
2025-03-03 18:11:51,29.6,80.5,16.4
2025-03-03 18:11:57,29.5,80.4,16.45
2025-03-03 18:12:04,29.5,80.5,16.3
2025-03-03 18:12:10,29.5,80.5,9.03
2025-03-03 18:12:16,29.5,80.5,25.74
2025-03-03 18:12:22,29.5,80.5,16.48
2025-03-03 18:12:29,29.4,80.6,16.44
2025-03-03 18:12:35,29.4,80.6,16.35
2025-03-03 18:12:41,29.5,80.5,16.49
2025-03-03 18:12:47,29.5,80.6,16.46
2025-03-03 18:12:53,29.8,80.8,16.53
2025-03-03 18:12:59,30.1,80.6,16.48
2025-03-03 18:13:05,30.5,80.2,16.5
2025-03-03 18:13:11,30.8,79.5,16.59
2025-03-03 18:13:18,30.9,79.0,16.57
2025-03-03 18:13:24,31.4,81.4,16.42
2025-03-03 18:13:30,32.0,81.6,16.55
2025-03-03 18:13:37,32.4,80.3,16.52
2025-03-03 18:13:43,32.7,79.2,16.45
2025-03-03 18:13:49,33.6,82.6,16.61
2025-03-03 18:13:55,37.2,85.5,16.53
2025-03-03 18:14:01,41.6,86.1,16.59
2025-03-03 18:14:07,49.5,76.6,16.53
2025-03-03 18:14:13,53.5,64.3,16.39
2025-03-03 18:14:20,54.0,55.6,16.55
2025-03-03 18:14:26,53.5,49.0,16.46
2025-03-03 18:14:33,52.1,43.8,16.42
2025-03-03 18:14:38,50.6,40.0,16.49
2025-03-03 18:14:45,49.5,37.1,16.56
2025-03-03 18:14:50,48.2,35.0,16.44
2025-03-03 18:14:57,46.8,33.2,16.37
2025-03-03 18:15:03,45.8,31.7,16.45
2025-03-03 18:15:09,44.7,30.9,16.51
2025-03-03 18:15:15,43.9,30.2,16.48
2025-03-03 18:15:22,43.0,30.1,16.33
2025-03-03 18:15:28,42.2,30.3,16.49
2025-03-03 18:15:34,41.6,30.6,16.61
2025-03-03 18:15:40,40.9,31.2,16.48
2025-03-03 18:15:46,40.4,32.1,16.58
2025-03-03 18:15:52,39.9,33.0,16.45
2025-03-03 18:15:58,39.5,33.9,16.55
2025-03-03 18:16:05,39.0,35.0,16.36
2025-03-03 18:16:11,38.6,36.1,16.51
2025-03-03 18:16:17,38.3,37.2,16.5
2025-03-03 18:16:23,37.9,38.4,16.47
2025-03-03 18:37:12,29.6,80.5,16.5
2025-03-03 18:37:18,29.7,80.5,16.49
2025-03-03 18:37:24,29.6,80.5,16.43
2025-03-03 18:37:30,29.7,80.5,16.63
2025-03-03 18:37:37,29.7,80.4,16.55
2025-03-03 18:37:42,29.7,80.4,16.48
2025-03-03 18:37:48,29.7,80.5,9.82
2025-03-03 18:37:54,29.7,80.5,16.33
2025-03-03 18:38:01,29.6,80.6,16.36
2025-03-03 18:38:07,29.6,80.5,16.8
2025-03-03 18:38:13,29.6,80.5,17.16
2025-03-03 18:38:20,29.6,80.5,16.62
2025-03-03 18:38:26,29.6,80.5,16.53
2025-03-03 18:38:32,29.6,80.4,16.58
2025-03-03 18:38:38,29.6,80.4,16.5
2025-03-03 18:38:44,33.7,88.4,16.43
2025-03-03 18:38:51,37.0,83.6,16.54
2025-03-03 18:38:57,38.0,77.5,16.57
2025-03-03 18:39:03,38.5,80.6,16.51
2025-03-03 18:39:09,42.3,71.3,15.78
2025-03-03 18:39:16,44.1,63.8,16.55
2025-03-03 18:39:21,44.1,58.8,18.66
2025-03-03 18:39:28,43.9,55.0,17.09
2025-03-03 18:39:34,43.3,52.5,16.52
2025-03-03 18:39:41,42.8,50.6,16.45
2025-03-03 18:39:47,41.5,49.2,16.47
2025-03-03 18:39:53,40.6,48.2,16.55
2025-03-03 18:39:59,39.9,47.7,16.4
2025-03-03 18:40:05,39.0,47.4,16.42
2025-03-03 18:40:11,38.3,47.6,16.59
2025-03-03 18:40:17,37.6,48.0,16.54
2025-03-03 18:40:24,37.1,48.5,16.45
2025-03-03 18:40:30,36.6,49.3,16.43
2025-03-03 18:40:36,36.0,50.2,16.55
2025-03-03 18:40:42,35.5,51.2,16.41
2025-03-03 18:40:48,35.1,52.3,16.57
2025-03-03 18:40:54,34.8,53.2,16.56
2025-03-03 18:41:01,34.4,54.3,16.6
2025-03-03 18:41:07,34.0,55.3,16.58
2025-03-03 18:41:13,33.6,56.4,16.26
2025-03-03 18:41:19,33.3,57.3,16.49
2025-03-03 18:41:25,33.2,58.3,16.47
2025-03-03 18:41:32,33.0,59.3,16.48
2025-03-03 18:41:37,32.7,60.2,16.48
2025-03-03 18:41:44,32.6,61.1,16.53
2025-03-03 18:41:50,32.4,62.0,16.48
2025-03-03 18:41:56,32.1,63.0,16.52
2025-03-03 18:42:03,32.0,63.8,16.46
2025-03-03 18:42:08,31.9,64.7,16.65
2025-03-03 18:42:15,31.7,65.5,16.5
2025-03-03 18:42:21,31.6,66.2,16.51
2025-03-03 18:42:27,31.4,67.2,16.41
2025-03-03 18:42:33,31.4,67.9,16.46
2025-03-03 18:42:39,31.3,68.3,16.71
2025-03-03 18:42:46,31.1,68.9,16.51
2025-03-03 18:42:52,31.1,69.5,16.46
2025-03-03 18:42:58,30.9,70.0,16.51
2025-03-03 18:43:04,30.9,70.4,16.57
2025-03-03 18:43:10,30.9,70.8,16.56
2025-03-03 18:43:16,30.8,71.1,16.46
2025-03-03 18:43:23,30.8,71.4,16.64
2025-03-03 18:43:30,30.6,72.0,16.49
2025-03-03 18:43:36,30.8,72.1,16.47
2025-03-03 18:43:41,30.8,72.5,16.53
2025-03-03 18:43:48,30.7,72.7,16.49
2025-03-03 18:43:54,30.8,72.9,16.53
2025-03-03 18:44:00,31.0,78.1,16.51
2025-03-03 18:44:06,34.5,76.7,16.48
2025-03-03 18:44:12,36.1,72.9,16.5
2025-03-03 18:44:18,38.7,73.0,16.41
2025-03-03 18:44:24,41.2,68.2,16.69
2025-03-03 18:44:31,42.4,62.8,16.56
2025-03-03 18:44:43,41.4,55.4,0.0
2025-03-03 18:44:50,40.9,53.5,0.0
2025-03-03 18:44:55,39.8,52.4,0.0
2025-03-03 18:45:02,39.3,51.6,0.0
2025-03-03 18:45:08,38.4,51.3,0.0
2025-03-03 18:45:14,37.9,51.1,0.0
2025-03-03 18:45:20,37.3,51.2,0.0
2025-03-03 18:45:26,36.6,51.7,0.0
2025-03-03 18:45:33,35.9,52.5,0.0
2025-03-03 18:45:39,35.6,53.1,0.0
2025-03-03 18:45:45,35.4,54.0,0.0
2025-03-03 18:45:52,35.1,54.8,0.0
2025-03-03 18:45:58,34.5,56.0,0.0
2025-03-03 18:46:04,34.0,55.7,0.0
2025-03-03 18:46:10,34.2,57.8,0.0
2025-03-03 18:46:17,33.5,58.6,0.0
2025-03-03 18:46:23,33.2,59.5,0.0
2025-03-03 18:46:29,33.0,60.1,0.0
2025-03-03 18:46:35,33.0,60.8,0.0
2025-03-03 18:46:41,32.7,61.7,0.0
2025-03-03 18:46:48,32.6,62.5,0.0
2025-03-03 18:46:54,32.3,63.4,0.0
2025-03-03 18:47:00,32.1,64.2,0.0
2025-03-03 18:47:06,31.9,65.0,0.0
2025-03-03 18:47:12,31.8,65.5,0.0
2025-03-03 18:47:18,31.7,66.3,0.0
2025-03-03 18:47:25,31.5,67.2,0.0
2025-03-03 18:47:31,31.4,68.0,0.0
2025-03-03 18:47:37,31.3,68.5,0.0
2025-03-03 18:47:43,31.2,69.2,0.0
2025-03-03 18:47:49,31.2,69.9,0.0
2025-03-03 18:47:55,31.2,70.7,0.0
2025-03-03 18:48:02,31.2,71.0,0.0
2025-03-03 18:48:08,31.0,71.4,0.0
2025-03-03 18:48:14,30.9,71.7,0.0
2025-03-03 18:48:20,30.9,72.2,0.0
2025-03-03 18:48:26,30.8,72.3,0.0
2025-03-03 18:48:32,30.6,72.7,0.0
2025-03-03 18:48:39,30.6,72.9,0.0
2025-03-03 18:48:45,30.6,73.2,0.0
2025-03-03 18:48:51,30.6,73.4,0.0
2025-03-03 18:48:57,30.8,73.6,0.0
2025-03-03 18:49:03,30.5,73.8,0.0
2025-03-03 18:49:10,30.2,74.2,0.0
2025-03-03 18:49:16,30.5,74.2,0.0
2025-03-03 18:49:22,30.5,74.4,0.0
2025-03-03 18:49:28,30.3,74.7,0.0
2025-03-03 18:49:35,30.3,74.9,0.0
2025-03-03 18:49:41,30.3,75.3,0.0
2025-03-03 18:49:48,30.3,75.3,0.0
2025-03-03 18:49:53,30.3,75.6,0.0
2025-03-03 18:49:59,30.2,75.9,0.0
2025-03-03 18:50:06,30.1,76.0,0.0
2025-03-03 18:50:11,29.9,76.2,0.0
2025-03-03 18:50:18,29.7,76.6,0.0
2025-03-03 18:50:24,29.9,76.6,0.0
2025-03-03 18:50:30,29.7,76.9,0.0
2025-03-03 18:50:36,29.6,77.1,0.0
2025-03-03 18:50:42,29.7,77.1,0.0
2025-03-03 18:50:49,30.0,77.1,0.0
2025-03-03 18:50:55,29.9,77.3,0.0
2025-03-03 18:51:01,30.0,77.3,0.0
2025-03-03 18:51:08,29.9,77.6,0.0
2025-03-03 18:51:14,29.9,77.6,0.0
2025-03-03 18:51:20,29.9,77.7,0.0
2025-03-03 18:51:26,30.0,77.9,0.0
2025-03-03 18:51:33,29.9,78.0,0.0
2025-03-03 18:51:39,29.7,78.1,0.0
2025-03-03 18:51:45,30.0,78.1,0.0
2025-03-03 18:51:51,29.7,78.4,0.0
2025-03-03 18:51:57,30.0,78.3,0.0
2025-03-03 18:52:03,29.8,78.9,0.0
2025-03-03 18:52:09,30.0,79.0,0.0
2025-03-03 18:55:05,29.3,80.0,16.46
2025-03-03 18:55:12,29.8,79.9,16.53
2025-03-03 18:55:18,29.2,80.2,16.57
2025-03-03 18:55:24,29.4,80.1,16.47
2025-03-03 18:55:30,29.6,80.1,16.52
2025-03-03 18:55:43,29.3,80.3,17.21
2025-03-03 18:55:48,29.2,80.6,16.54
2025-03-03 18:55:55,29.4,80.6,16.46
2025-03-03 18:56:02,29.4,80.6,16.56
2025-03-03 18:56:08,29.6,80.5,16.54
2025-03-03 18:56:14,29.6,80.5,16.5
2025-03-03 18:56:20,29.3,80.7,16.56
2025-03-03 18:56:26,30.3,92.3,16.47
2025-03-03 18:56:33,37.9,84.4,16.49
2025-03-03 18:56:39,40.4,75.1,16.57
2025-03-03 18:56:51,40.5,63.5,16.56
2025-03-03 18:56:57,40.8,59.6,16.35
2025-03-03 18:57:03,40.6,57.0,16.34
2025-03-03 18:57:09,39.6,55.7,16.26
2025-03-03 18:57:15,39.0,54.5,16.44
2025-03-03 18:57:22,38.3,54.0,16.42
2025-03-03 18:57:28,37.7,53.7,15.66
2025-03-03 18:57:34,37.0,53.6,14.77
2025-03-03 18:57:41,36.3,53.8,17.24
2025-03-03 18:57:47,36.1,54.1,17.89
2025-03-03 18:57:53,35.5,54.5,16.47
2025-03-03 18:57:59,35.4,59.7,16.55
2025-03-03 18:58:06,34.6,60.2,16.53
2025-03-03 18:58:12,34.1,60.1,16.57
2025-03-03 18:58:18,33.9,60.2,16.55
2025-03-03 18:58:24,33.5,60.6,16.55
2025-03-03 18:58:31,33.1,61.3,16.52
2025-03-03 18:58:37,32.9,61.9,16.41
2025-03-03 18:58:43,33.0,62.4,16.51
2025-03-03 18:58:49,32.6,63.2,16.47
2025-03-03 18:58:56,32.4,63.9,16.45
2025-03-03 18:59:02,32.2,64.7,16.44
2025-03-03 18:59:08,32.0,65.4,16.49
2025-03-03 18:59:14,31.6,66.1,16.45
2025-03-03 18:59:21,31.7,66.7,16.45
2025-03-03 18:59:27,31.4,67.4,16.53
2025-03-03 18:59:33,31.4,67.9,16.38
2025-03-03 18:59:39,31.4,68.5,16.53
2025-03-03 18:59:45,31.0,69.1,16.56
2025-03-03 18:59:51,30.9,69.7,16.49
2025-03-03 18:59:57,30.9,70.2,16.54
2025-03-03 19:00:03,30.8,70.8,16.5
2025-03-03 19:00:10,30.8,71.1,16.55
2025-03-03 19:00:16,30.6,71.6,16.49
2025-03-03 19:00:23,30.7,72.0,16.54
2025-03-03 19:00:28,30.6,72.4,16.54
2025-03-03 19:00:35,30.5,72.7,16.47
2025-03-03 19:00:41,30.3,73.1,16.62
2025-03-03 19:00:47,30.2,73.5,16.54
2025-03-03 19:00:53,30.3,73.8,16.55
2025-03-03 19:01:00,30.3,73.9,16.56
2025-03-03 19:01:06,30.0,74.5,16.54
2025-03-03 19:01:12,29.9,74.9,16.6
2025-03-03 19:01:19,30.1,75.0,16.59
2025-03-03 19:01:25,30.1,75.4,16.47
2025-03-03 19:01:31,29.7,75.8,16.5
2025-03-03 19:01:37,29.9,75.8,16.59
2025-03-03 19:01:43,30.0,76.1,16.45
2025-03-03 19:01:49,29.9,76.5,16.45
2025-03-03 19:01:56,29.7,76.6,16.45
2025-03-03 19:02:02,30.0,76.5,16.53
2025-03-03 19:02:08,29.8,76.8,16.49
2025-03-03 19:02:15,29.8,77.1,16.49
2025-03-03 19:02:20,29.7,77.3,16.39
2025-03-03 19:02:27,29.8,77.2,16.44
2025-03-03 19:02:33,29.9,77.4,16.56
2025-03-03 19:02:39,29.8,77.6,16.54
2025-03-03 19:02:45,29.7,77.7,16.49
2025-03-03 19:02:51,29.9,78.0,16.67
2025-03-03 19:02:57,29.8,78.0,14.36
2025-03-03 19:03:04,29.9,78.1,16.56
2025-03-03 19:03:10,29.8,78.2,16.47
2025-03-03 19:03:16,29.8,78.2,16.55
2025-03-03 19:03:22,29.9,78.5,16.55
2025-03-03 19:03:29,29.8,78.6,16.5
2025-03-03 19:03:35,29.8,78.6,16.45
2025-03-03 19:03:41,29.8,78.9,16.62
2025-03-03 19:03:46,31.9,82.7,16.56
2025-03-03 19:03:53,34.8,82.0,16.57
2025-03-03 19:03:59,36.3,81.9,15.67
2025-03-03 19:04:05,38.7,77.3,5.51
2025-03-03 19:04:12,39.6,73.1,16.7
2025-03-03 19:04:18,40.5,71.4,16.61
2025-03-03 19:04:25,42.1,66.1,7.51
2025-03-03 19:04:31,42.2,62.4,19.18
2025-03-03 19:04:37,41.7,59.4,18.9
2025-03-03 19:04:43,41.0,57.3,16.55
2025-03-03 19:04:49,40.3,55.8,16.84
2025-03-03 19:04:56,39.5,55.0,16.8
2025-03-03 19:05:02,38.9,54.4,18.02
2025-03-03 19:05:08,38.4,54.0,18.24
2025-03-03 19:05:14,37.8,53.8,16.54
2025-03-03 19:05:20,37.1,53.9,16.57
2025-03-03 19:05:27,36.6,54.1,16.42
2025-03-03 19:05:34,36.1,54.5,16.63
2025-03-03 19:05:39,35.9,54.8,16.57
2025-03-03 19:05:45,35.6,55.2,16.49
2025-03-03 19:05:51,35.5,55.5,16.42
2025-03-03 19:05:58,35.2,55.9,16.48
2025-03-03 19:06:04,35.0,56.3,16.64
2025-03-03 19:06:10,34.8,56.7,16.57
2025-03-03 19:06:16,34.7,57.1,16.56
2025-03-03 19:06:22,34.5,57.5,16.67
2025-03-03 19:06:28,34.3,57.9,16.53
2025-03-03 19:06:34,34.3,58.3,16.48
2025-03-03 19:06:40,33.9,59.0,16.47
2025-03-03 19:06:47,33.5,59.4,16.56
2025-03-03 19:06:53,33.4,60.1,16.48
2025-03-03 19:06:59,33.0,60.9,16.54
2025-03-03 19:07:05,32.9,61.7,16.59
2025-03-03 19:07:11,32.8,62.4,16.47
2025-03-03 19:07:18,32.4,63.2,16.47
2025-03-03 19:07:24,32.4,63.9,16.65
2025-03-03 19:07:30,32.2,64.7,16.46
2025-03-03 19:07:36,31.9,65.4,16.59
2025-03-03 19:07:42,31.7,66.1,16.53
2025-03-03 19:07:48,31.7,66.7,16.51
2025-03-03 19:07:55,31.6,67.4,16.58
2025-03-03 19:08:01,31.4,68.0,16.56
2025-03-03 19:08:07,31.4,68.5,16.49
2025-03-03 19:08:13,31.2,69.2,16.57
2025-03-03 19:08:19,31.0,69.8,16.62
2025-03-03 19:08:25,30.9,70.4,16.53
2025-03-03 19:08:31,30.8,70.9,16.54
2025-03-03 19:08:37,30.6,71.5,16.52
2025-03-03 19:08:44,30.6,72.0,16.52
2025-03-03 19:08:50,30.7,72.4,16.62
2025-03-03 19:08:56,30.5,72.7,16.48
2025-03-03 19:09:03,30.4,73.4,16.49
2025-03-03 19:09:08,30.4,73.6,16.42
2025-03-03 19:09:14,30.3,74.0,16.43
2025-03-03 19:09:20,30.3,74.3,16.5
2025-03-03 19:09:26,30.1,74.8,16.54
2025-03-03 19:09:31,30.1,75.0,16.46
2025-03-03 19:09:37,30.0,75.3,16.51
2025-03-03 19:09:44,30.0,75.6,16.54
2025-03-03 19:09:50,29.7,76.1,16.52
2025-03-03 19:09:56,30.0,76.1,16.49
2025-03-03 19:10:02,29.9,76.5,16.49
2025-03-03 19:10:08,29.9,76.7,16.39
2025-03-03 19:10:14,29.8,77.0,16.54
2025-03-03 19:10:20,29.8,77.2,16.44
2025-03-03 19:10:26,29.8,77.4,16.59
2025-03-03 19:10:32,29.8,77.6,16.45
2025-03-03 19:10:39,29.8,77.7,16.55
2025-03-03 19:10:45,29.6,78.1,16.54
2025-03-03 19:10:52,29.7,78.2,16.36
2025-03-03 19:10:59,29.7,78.3,16.48
2025-03-03 19:11:04,29.7,78.5,16.6
2025-03-03 19:11:09,29.8,78.5,16.45
2025-03-03 19:11:16,29.8,78.8,16.49
2025-03-03 19:11:23,29.7,78.8,16.5
2025-03-03 19:11:27,29.6,79.0,16.48
2025-03-03 19:11:36,29.7,79.0,16.55
2025-03-03 19:11:40,29.6,79.0,16.44
2025-03-03 19:11:49,29.8,79.0,16.52
2025-03-03 19:11:52,29.6,79.2,16.49
2025-03-03 19:12:01,29.6,79.2,16.47
2025-03-03 19:12:05,29.6,79.3,16.61
2025-03-03 19:12:10,29.8,79.3,16.6
2025-03-03 19:12:16,29.7,79.4,16.56
2025-03-03 19:12:24,29.6,79.4,16.47
2025-03-03 19:12:32,29.7,79.5,16.47
2025-03-03 19:12:36,29.6,79.6,16.48
2025-03-03 19:12:42,29.6,79.6,16.47
2025-03-03 19:12:48,29.5,79.9,16.52
2025-03-03 19:12:52,29.5,79.9,16.49
2025-03-03 19:13:02,29.6,79.9,16.49
2025-03-03 19:13:05,29.6,80.0,16.92
2025-03-03 19:13:14,29.6,80.0,16.49
2025-03-03 19:13:17,29.6,80.1,16.42
2025-03-03 19:13:23,29.6,80.1,16.64
2025-03-03 19:13:28,29.6,80.1,16.5
2025-03-03 19:13:36,29.6,80.1,16.55
2025-03-03 19:13:41,29.6,80.2,16.5
2025-03-03 19:13:50,29.6,80.2,16.47
2025-03-03 19:13:54,29.6,80.2,16.73
2025-03-03 19:14:03,29.6,80.4,16.63
2025-03-03 19:14:06,29.6,80.2,16.57
2025-03-03 19:14:11,29.6,80.4,16.46
2025-03-03 19:14:17,29.7,80.4,16.42
2025-03-03 19:14:27,29.6,80.4,16.55
2025-03-03 19:14:30,29.6,80.4,16.53
2025-03-03 19:14:36,29.6,80.5,16.5
2025-03-03 19:14:42,29.6,80.4,16.41
2025-03-03 19:14:48,29.6,80.4,16.49
2025-03-03 19:14:56,29.6,80.5,16.66
2025-03-03 19:15:00,29.6,80.4,16.48
2025-03-03 19:15:06,29.6,80.4,16.53
2025-03-03 19:15:12,29.6,80.4,16.48
2025-03-03 19:15:22,29.6,80.4,16.41
2025-03-03 19:15:24,29.6,80.4,16.54
2025-03-03 19:15:32,29.6,80.5,16.57
2025-03-03 19:15:36,29.6,80.5,16.53
2025-03-03 19:15:43,29.6,80.5,16.51
2025-03-03 19:15:49,29.4,80.6,16.42
2025-03-03 19:15:55,29.4,80.6,16.62
2025-03-03 19:16:00,29.4,80.6,16.56
2025-03-03 19:16:09,29.5,80.6,16.56
2025-03-03 19:16:16,29.5,80.6,16.44
2025-03-03 19:16:20,29.6,80.6,16.52
2025-03-03 19:16:29,29.6,80.6,16.53
2025-03-03 19:16:31,29.5,80.6,16.6
2025-03-03 19:16:36,29.6,80.5,16.51
2025-03-03 19:16:43,29.6,80.6,16.52
2025-03-03 19:16:53,29.4,80.7,16.56
2025-03-03 19:16:56,29.5,80.5,16.38
2025-03-03 19:17:01,29.4,80.7,16.55
2025-03-03 19:17:10,29.5,80.6,16.5
2025-03-03 19:17:15,29.5,80.6,16.49
2025-03-03 19:17:20,29.5,80.7,16.51
2025-03-03 19:17:26,29.5,80.7,16.5
2025-03-03 19:17:31,29.5,80.7,16.52
2025-03-03 19:17:39,29.5,80.9,16.42
2025-03-03 19:17:44,29.4,81.0,16.57
2025-03-03 19:17:52,29.6,80.9,16.46
2025-03-03 19:17:55,29.5,80.9,16.57
2025-03-03 19:18:03,29.5,80.9,16.53
2025-03-03 19:18:11,29.5,80.9,16.51
2025-03-03 19:18:15,29.4,81.0,16.63
2025-03-03 19:18:20,29.5,80.9,16.57
2025-03-03 19:18:29,29.5,80.9,16.5
2025-03-03 19:18:32,29.5,80.9,16.48
2025-03-03 19:18:39,29.5,80.9,16.52
2025-03-03 19:18:45,29.5,80.9,16.54
2025-03-03 19:18:50,29.5,80.9,16.5
2025-03-03 19:18:56,29.6,81.0,16.52
2025-03-03 19:19:03,29.5,81.0,16.44
2025-03-03 19:19:09,29.4,81.0,16.51
2025-03-03 19:19:16,29.5,80.9,16.51
2025-03-03 19:19:22,29.6,80.9,16.59
2025-03-03 19:19:28,29.6,81.0,16.55
2025-03-03 19:19:34,29.6,80.9,16.5
2025-03-03 19:19:40,29.6,80.9,16.49
2025-03-03 19:19:45,29.4,81.0,16.45
2025-03-03 19:19:51,29.4,81.0,16.55
2025-03-03 19:19:57,29.4,81.0,16.48
2025-03-03 19:20:05,29.6,80.9,16.62
2025-03-03 19:20:10,29.5,80.9,16.52
2025-03-03 19:20:16,29.6,80.9,16.45
2025-03-03 19:20:22,29.4,81.0,16.53
2025-03-03 19:20:29,29.6,80.9,16.57
2025-03-03 19:20:35,29.6,80.9,16.55
2025-03-03 19:20:42,29.6,80.9,16.44
2025-03-03 19:20:47,29.6,80.9,16.57
2025-03-03 19:20:53,29.6,80.9,16.49
2025-03-03 19:21:00,29.6,80.9,16.47
2025-03-03 19:21:05,29.6,80.9,16.54
2025-03-03 19:21:10,29.6,80.9,16.52
2025-03-03 19:21:16,29.6,80.9,16.52
2025-03-03 19:21:23,29.4,81.0,16.62
2025-03-03 19:21:30,29.6,80.9,16.54
2025-03-03 19:21:36,29.6,80.9,16.57
2025-03-03 19:21:42,29.5,80.9,16.55
2025-03-03 19:21:49,29.5,80.8,16.44
2025-03-03 19:21:53,29.5,80.8,16.46
2025-03-03 19:21:59,29.6,80.8,16.49
2025-03-03 19:22:07,29.4,80.9,16.59
2025-03-03 19:22:11,29.5,80.7,16.46
2025-03-03 19:22:17,29.4,80.9,16.45
2025-03-03 19:22:24,29.4,81.0,16.54
2025-03-03 19:22:30,29.5,80.8,16.49
2025-03-03 19:22:36,29.5,80.9,16.48
2025-03-03 19:22:42,29.4,81.0,16.5
2025-03-03 19:22:49,29.5,80.9,16.52
2025-03-03 19:22:55,29.5,80.9,16.53
2025-03-03 19:23:04,29.5,80.9,16.58
2025-03-03 19:23:07,29.5,80.9,16.56
2025-03-03 19:23:15,29.5,80.9,16.54
2025-03-03 19:23:18,29.4,81.0,16.52
2025-03-03 19:23:25,29.5,80.9,16.59
2025-03-03 19:23:29,29.4,81.0,16.61
2025-03-03 19:23:35,29.4,81.0,16.51
2025-03-03 19:23:43,29.4,81.1,16.47
2025-03-03 19:23:48,29.5,81.0,16.58
2025-03-03 19:23:53,29.5,81.0,15.86
2025-03-03 19:24:00,29.2,81.2,16.55
2025-03-03 19:24:06,29.5,81.0,16.52
2025-03-03 19:24:12,29.5,81.0,16.4
2025-03-03 19:24:21,29.4,81.1,16.48
2025-03-03 19:24:26,29.4,81.2,16.52
2025-03-03 19:24:36,29.5,81.0,16.59
2025-03-03 19:24:37,29.4,81.2,16.53
2025-03-03 19:24:47,29.4,81.2,16.48
2025-03-03 19:24:49,29.4,81.2,16.5
2025-03-03 19:24:56,29.5,81.1,16.59
2025-03-03 19:25:03,29.5,81.1,16.56
2025-03-03 19:25:06,29.2,81.3,16.56
2025-03-03 19:25:14,29.4,81.2,16.51
2025-03-03 19:25:19,29.4,81.2,16.45
2025-03-03 19:25:26,29.5,81.1,16.46
2025-03-03 19:25:32,29.5,81.1,16.56
2025-03-03 19:25:38,29.4,81.2,16.49
2025-03-03 19:25:43,29.5,81.1,16.61
2025-03-03 19:25:53,29.5,81.1,16.42
2025-03-03 19:25:55,29.5,81.1,16.51
2025-03-03 19:26:06,29.4,81.2,16.52
2025-03-03 19:26:07,29.4,81.2,16.63
2025-03-03 19:26:13,29.2,81.3,16.52
2025-03-03 19:26:22,29.6,81.1,16.53
2025-03-03 19:26:26,29.4,81.2,16.49
2025-03-03 19:26:34,29.5,81.1,16.52
2025-03-03 19:26:39,29.4,81.2,16.43
2025-03-03 19:26:45,29.4,81.2,16.44
2025-03-03 19:26:53,29.4,81.2,16.42
2025-03-03 19:26:59,29.5,81.1,16.47
2025-03-03 19:27:03,29.5,81.1,16.56
2025-03-03 19:27:09,29.5,81.1,16.41
2025-03-03 19:27:16,29.4,81.2,16.49
2025-03-03 19:27:19,29.5,81.1,16.52
2025-03-03 19:27:27,29.5,81.1,16.56
2025-03-03 19:27:36,29.5,81.1,16.58
2025-03-03 19:27:41,29.5,81.1,16.54
2025-03-03 19:27:45,29.5,81.1,16.54
2025-03-03 19:27:55,29.2,81.3,16.45
2025-03-03 19:27:57,29.5,81.1,16.51
2025-03-03 19:28:04,29.5,81.1,16.49
2025-03-03 19:28:08,29.4,81.2,16.53
2025-03-03 19:28:16,29.4,81.2,16.6
2025-03-03 19:28:21,29.5,81.1,16.52
2025-03-03 19:28:27,29.6,81.0,16.53
2025-03-03 19:28:32,29.5,81.0,16.5
2025-03-03 19:28:38,29.5,80.9,16.49
2025-03-03 19:28:45,29.6,81.0,16.54
2025-03-03 19:28:51,29.6,80.9,16.54
2025-03-03 19:28:58,29.6,80.9,16.47
2025-03-03 19:29:02,29.6,80.9,16.63
2025-03-03 19:29:10,29.6,80.9,16.47
2025-03-03 19:29:16,29.4,81.0,16.48
2025-03-03 19:29:21,29.6,80.9,16.61
2025-03-03 19:29:27,29.7,80.9,16.48
2025-03-03 19:29:37,29.6,80.9,16.44
2025-03-03 19:29:40,29.6,80.9,16.44
2025-03-03 19:29:45,29.6,80.9,16.49
2025-03-03 19:29:56,29.6,80.9,16.53
2025-03-03 19:29:57,29.6,80.9,16.62
2025-03-03 19:30:03,29.6,80.9,16.58
2025-03-03 19:30:10,29.6,80.9,16.45
2025-03-03 19:30:17,29.6,80.9,16.54
2025-03-03 19:30:21,29.6,80.9,16.53
2025-03-03 19:30:29,29.8,80.8,16.56
2025-03-03 19:30:36,29.8,80.8,16.56
2025-03-03 19:30:39,29.8,80.8,16.49
2025-03-03 19:30:48,29.7,80.9,16.52
2025-03-03 19:30:53,29.7,80.9,16.57
2025-03-03 19:31:01,29.6,80.9,16.57
2025-03-03 19:31:04,29.6,80.9,16.58
2025-03-03 19:31:12,29.6,80.9,16.47
2025-03-03 19:31:16,29.6,80.8,16.41
2025-03-03 19:31:24,29.6,80.8,16.64
2025-03-03 19:31:30,29.6,80.9,16.49
2025-03-03 19:31:41,29.6,80.9,16.5
2025-03-15 23:00:27,29.9,77.1,16.49
2025-03-15 23:00:33,29.9,77.1,16.49
2025-03-15 23:00:39,29.9,77.0,16.53
2025-03-15 23:00:45,29.9,77.0,16.48
2025-03-15 23:00:51,29.9,76.8,16.5
2025-03-15 23:00:57,29.9,76.8,16.48
2025-03-15 23:01:03,29.9,76.8,16.59
2025-03-15 23:01:10,29.9,76.7,16.57
2025-03-15 23:01:16,29.9,76.6,16.44
2025-03-15 23:01:22,29.9,76.7,16.57
2025-03-15 23:01:30,29.9,76.7,16.47
2025-03-15 23:01:35,29.9,76.6,16.51
2025-03-15 23:01:41,29.9,76.6,16.56
2025-03-15 23:01:47,29.9,76.6,16.55
2025-03-15 23:01:53,29.9,76.6,16.6
2025-03-15 23:01:59,29.9,76.6,16.49
2025-03-15 23:02:05,29.9,76.6,16.49
2025-03-15 23:02:11,29.8,76.6,16.4
2025-03-15 23:02:18,29.9,76.6,16.49
2025-03-15 23:02:24,29.8,76.6,16.51
2025-03-15 23:02:31,29.9,76.6,16.58
2025-03-15 23:02:37,29.9,76.6,16.51
2025-03-15 23:02:42,29.9,76.6,16.47
2025-03-15 23:02:48,29.9,76.6,16.51
2025-03-15 23:02:55,29.8,76.6,16.6
2025-03-15 23:03:01,29.9,76.6,16.49
2025-03-15 23:03:07,29.9,76.5,16.42
2025-03-15 23:03:14,29.9,76.5,16.52
2025-03-15 23:03:20,29.9,76.5,16.54
2025-03-15 23:03:26,29.9,76.5,16.39
2025-03-15 23:03:32,29.9,76.5,16.52
2025-03-15 23:03:39,29.9,76.5,16.56
2025-03-15 23:03:45,29.9,76.5,16.57
2025-03-15 23:03:51,29.9,76.5,16.51
2025-03-15 23:03:57,29.8,76.5,16.47
2025-03-15 23:04:04,29.8,76.5,16.5
2025-03-15 23:04:10,29.9,76.5,16.53
2025-03-15 23:04:16,29.8,76.5,16.53
2025-03-15 23:04:22,29.8,76.5,16.64
2025-03-15 23:04:29,29.9,76.5,16.48
2025-03-15 23:04:35,29.9,76.5,16.53
2025-03-15 23:04:41,29.9,76.5,21.26
2025-03-15 23:04:47,29.8,76.5,16.47
2025-03-15 23:04:53,29.8,76.5,16.39
2025-03-15 23:04:59,29.8,76.5,16.49
2025-03-15 23:05:05,29.8,76.5,16.51
2025-03-15 23:05:11,29.8,76.5,16.44
2025-03-15 23:05:18,29.8,76.5,16.49
2025-03-15 23:05:24,29.8,76.5,16.49
2025-03-15 23:05:30,29.8,76.6,16.46
2025-03-15 23:05:37,29.8,76.6,16.52
2025-03-15 23:05:43,29.8,76.6,16.53
2025-03-15 23:05:49,29.8,76.6,16.54
2025-03-15 23:05:55,29.8,76.6,16.47
2025-03-15 23:06:01,29.7,76.7,16.59
2025-03-15 23:06:08,29.8,76.6,16.6
2025-03-15 23:06:14,29.7,76.7,16.45
2025-03-15 23:06:20,29.8,76.6,16.51
2025-03-15 23:06:28,29.8,76.6,16.52
2025-03-15 23:06:33,29.8,76.6,16.42
2025-03-15 23:06:39,29.7,76.7,16.55
2025-03-15 23:06:45,29.8,76.6,16.66
2025-03-15 23:06:51,29.8,76.6,16.41
2025-03-15 23:06:57,29.8,76.7,16.48
2025-03-15 23:07:03,29.7,76.8,16.46
2025-03-15 23:07:09,29.7,76.8,16.52
2025-03-15 23:07:15,29.8,76.7,16.6
2025-03-15 23:07:22,29.8,76.8,16.49
2025-03-15 23:07:28,29.8,76.8,16.49
2025-03-15 23:07:34,29.8,76.8,16.3
2025-03-15 23:07:40,29.8,76.8,16.5
2025-03-15 23:07:47,29.8,76.8,16.49
2025-03-15 23:07:53,29.8,76.8,16.47
2025-03-15 23:07:59,29.8,76.7,16.57
2025-03-15 23:08:05,29.8,76.7,16.53
2025-03-15 23:08:12,29.8,76.7,16.41
2025-03-15 23:08:18,29.8,76.7,16.56
2025-03-15 23:08:24,29.8,76.7,16.53
2025-03-15 23:08:30,29.8,76.7,16.52
2025-03-15 23:08:36,29.8,76.7,16.62
2025-03-15 23:08:43,29.8,76.8,16.47
2025-03-15 23:08:49,29.9,76.8,16.5
2025-03-15 23:08:55,29.8,76.7,16.6
2025-03-15 23:09:01,29.7,76.8,16.38
2025-03-15 23:09:07,29.8,76.6,16.61
2025-03-15 23:09:13,29.8,76.6,16.54
2025-03-15 23:09:19,29.8,76.7,16.56
2025-03-15 23:09:25,29.8,76.7,16.6
2025-03-15 23:09:31,29.8,76.7,16.51
2025-03-15 23:09:37,29.9,76.7,16.43
2025-03-15 23:09:44,29.8,76.7,16.46
2025-03-15 23:09:50,29.8,76.6,16.51
2025-03-15 23:09:56,29.8,76.6,16.62
2025-03-15 23:10:02,29.8,76.6,16.5
2025-03-15 23:10:08,29.9,76.6,16.56
2025-03-15 23:10:15,29.9,76.6,16.51
2025-03-15 23:10:21,29.9,76.6,16.56
2025-03-15 23:10:27,29.8,76.6,16.57
2025-03-15 23:10:33,29.9,76.6,16.45
2025-03-15 23:10:39,29.8,76.5,16.53
2025-03-15 23:10:45,29.8,76.5,16.47
2025-03-15 23:10:51,29.8,76.6,16.49
2025-03-15 23:10:58,29.9,76.6,16.57
2025-03-15 23:11:04,29.8,76.6,16.57
2025-03-15 23:11:10,29.8,76.6,16.37
2025-03-15 23:11:16,29.8,76.6,16.46
2025-03-15 23:11:22,29.9,76.5,16.54
2025-03-15 23:11:29,29.8,76.5,16.55
2025-03-15 23:11:35,29.9,76.5,16.49
2025-03-15 23:11:41,29.8,76.6,16.58
2025-03-15 23:11:47,29.8,76.6,16.59
2025-03-15 23:11:54,29.9,76.6,16.43
2025-03-15 23:12:00,29.8,76.6,16.48
2025-03-15 23:12:06,29.9,76.6,16.61
2025-03-15 23:12:12,29.8,76.6,16.46
2025-03-15 23:12:19,29.9,76.6,16.49
2025-03-15 23:12:25,29.9,76.6,16.41
2025-03-15 23:12:31,29.9,76.6,16.48
2025-03-15 23:12:37,29.8,76.6,16.56
2025-03-15 23:12:43,29.8,76.6,16.44
2025-03-15 23:12:49,29.9,76.6,16.41
2025-03-15 23:12:56,29.8,76.6,16.43
2025-03-15 23:13:02,29.8,76.6,16.45
2025-03-15 23:13:08,29.8,76.6,16.51
2025-03-15 23:13:15,29.8,76.6,16.51
2025-03-15 23:13:21,29.8,76.6,16.53
2025-03-15 23:13:27,29.8,76.6,16.54
2025-03-15 23:13:34,29.8,76.6,16.52
2025-03-15 23:13:40,29.8,76.6,16.52
2025-03-15 23:13:46,29.8,76.6,16.45
2025-03-15 23:13:52,29.8,76.6,16.54
2025-03-15 23:13:58,29.8,76.6,16.49
2025-03-15 23:14:05,29.8,76.6,16.54
2025-03-15 23:14:11,29.8,76.6,16.56
2025-03-15 23:14:17,29.8,76.6,16.44
2025-03-15 23:14:23,29.8,76.6,16.48
2025-03-15 23:14:29,29.8,76.6,16.58
2025-03-15 23:14:36,29.8,76.6,16.6
2025-03-15 23:14:42,29.8,76.6,16.34
2025-03-15 23:14:48,29.8,76.6,16.53
2025-03-15 23:14:54,29.8,76.6,16.45
2025-03-15 23:15:01,29.8,76.6,16.46
2025-03-15 23:15:07,29.8,76.6,16.55
2025-03-15 23:15:13,29.8,76.6,16.45
2025-03-15 23:15:19,29.8,76.6,16.41
2025-03-15 23:15:25,29.8,76.6,16.46
2025-03-15 23:15:32,29.8,76.6,16.5
2025-03-15 23:15:38,29.8,76.6,16.51
2025-03-15 23:15:44,29.8,76.6,16.48
2025-03-15 23:15:50,29.8,76.5,16.43
2025-03-15 23:15:56,29.8,76.5,16.38
2025-03-15 23:16:02,29.7,76.7,16.42
2025-03-15 23:16:08,29.7,76.7,16.5
2025-03-15 23:16:14,29.8,76.6,16.57
2025-03-15 23:16:21,29.8,76.6,16.51
2025-03-15 23:16:27,29.8,76.6,16.5
2025-03-15 23:16:33,29.7,76.7,16.47
2025-03-15 23:16:40,29.7,76.7,16.59
2025-03-15 23:16:46,29.7,76.7,16.53
2025-03-15 23:16:52,29.7,76.7,16.41
2025-03-15 23:16:59,29.7,76.7,16.51
2025-03-15 23:17:05,29.8,76.6,16.39
2025-03-15 23:17:11,29.8,76.6,16.44
2025-03-15 23:17:17,29.8,76.6,16.38
2025-03-15 23:17:23,29.7,76.7,16.56
2025-03-15 23:17:30,29.8,76.6,16.49
2025-03-15 23:17:36,29.8,76.6,16.39
2025-03-15 23:17:43,29.8,76.6,16.59
2025-03-15 23:17:49,29.8,76.7,16.49
2025-03-15 23:17:55,29.8,76.7,16.46
2025-03-15 23:18:02,29.7,76.8,16.53
2025-03-15 23:18:08,29.7,76.9,16.59
2025-03-15 23:18:14,29.8,76.8,16.52
2025-03-15 23:18:20,29.7,76.9,16.51
2025-03-15 23:18:27,29.8,76.8,16.52
2025-03-15 23:18:33,29.7,76.9,16.61
2025-03-15 23:18:39,29.8,76.8,16.4
2025-03-15 23:18:45,29.8,76.9,16.64
2025-03-15 23:18:52,29.8,77.0,16.69
2025-03-15 23:18:58,29.8,77.0,16.64
2025-03-15 23:19:04,29.8,77.0,16.47
2025-03-15 23:19:10,29.8,77.0,16.44
2025-03-15 23:19:17,29.9,76.9,16.53
2025-03-15 23:19:23,29.8,76.9,16.38
2025-03-15 23:19:29,29.8,76.8,16.38
2025-03-15 23:19:35,29.9,77.0,16.55
2025-03-15 23:19:42,29.8,76.9,16.44
2025-03-15 23:19:49,29.9,76.9,16.47
2025-03-15 23:19:54,29.9,76.8,16.49
2025-03-15 23:20:00,29.9,76.8,16.43
2025-03-15 23:20:07,29.8,76.8,16.48
2025-03-15 23:20:13,29.8,76.7,16.48
2025-03-15 23:20:19,29.8,76.8,16.49
2025-03-15 23:20:25,29.9,76.8,16.52
2025-03-15 23:20:32,29.9,76.8,16.51
2025-03-15 23:20:37,29.8,76.8,16.58
2025-03-15 23:20:43,29.8,76.8,16.4
2025-03-15 23:20:50,29.8,76.8,16.45
2025-03-15 23:20:56,29.8,76.8,16.49
2025-03-15 23:21:02,29.8,76.8,16.56
2025-03-15 23:21:08,29.8,76.8,16.58
2025-03-15 23:21:15,29.8,76.8,16.58
2025-03-15 23:21:21,29.8,76.8,16.53
2025-03-15 23:21:27,29.8,76.8,16.57
2025-03-15 23:21:33,29.8,76.8,16.42
2025-03-15 23:21:39,29.9,76.7,16.46
2025-03-15 23:21:46,29.8,76.7,16.5
2025-03-15 23:21:52,29.8,76.7,16.49
2025-03-15 23:21:58,29.9,76.6,16.53
2025-03-15 23:22:05,29.8,76.6,16.45
2025-03-15 23:22:11,29.8,76.6,16.7
2025-03-15 23:22:18,29.8,76.6,16.45
2025-03-15 23:22:23,29.8,76.6,16.53
2025-03-15 23:22:29,29.8,76.5,16.53
2025-03-15 23:22:36,29.8,76.5,16.46
2025-03-15 23:22:42,29.8,76.5,16.55
2025-03-15 23:22:48,29.8,76.5,16.53
2025-03-15 23:22:54,29.7,76.6,16.44
2025-03-15 23:23:01,29.8,76.5,16.49
2025-03-15 23:23:07,29.8,76.5,16.47
2025-03-15 23:23:13,29.8,76.5,16.56
2025-03-15 23:23:20,29.8,76.5,16.55
2025-03-15 23:23:26,29.8,76.5,16.43
2025-03-15 23:23:32,29.8,76.5,16.44
2025-03-15 23:23:38,29.8,76.5,16.56
2025-03-15 23:23:44,29.7,76.6,16.58
2025-03-15 23:23:51,29.7,76.6,16.52
2025-03-15 23:23:57,29.7,76.6,16.45
2025-03-15 23:24:03,29.7,76.6,16.5
2025-03-15 23:24:09,29.7,76.6,16.41
2025-03-15 23:24:16,29.7,76.6,16.54
2025-03-15 23:24:22,29.7,76.6,16.99
2025-03-15 23:24:28,29.8,76.5,16.45
2025-03-15 23:24:34,29.7,76.6,16.55
2025-03-15 23:24:40,29.7,76.6,16.44
2025-03-15 23:24:46,29.7,76.6,16.54
2025-03-15 23:24:53,29.7,76.6,16.51
2025-03-15 23:24:59,29.8,76.5,16.58
2025-03-15 23:25:05,29.7,76.6,16.46
2025-03-15 23:25:11,29.7,76.6,16.48
2025-03-15 23:25:18,29.7,76.6,16.49
2025-03-15 23:25:23,29.7,76.6,16.46
2025-03-15 23:25:30,29.6,76.7,16.4
2025-03-15 23:25:36,29.7,76.7,16.48
2025-03-15 23:25:42,29.8,76.6,16.56
2025-03-15 23:25:49,29.7,76.7,16.46
2025-03-15 23:25:54,29.8,76.6,16.47
2025-03-15 23:26:00,29.8,76.6,16.48
2025-03-15 23:26:07,29.8,76.6,16.44
2025-03-15 23:26:13,29.7,76.7,16.55
2025-03-15 23:26:19,29.7,76.7,16.41
2025-03-15 23:26:26,29.7,76.7,16.44
2025-03-15 23:26:31,29.7,76.7,16.53
2025-03-15 23:26:38,29.7,76.7,16.56
2025-03-15 23:26:44,29.8,76.6,16.46
2025-03-15 23:26:50,29.8,76.6,16.42
2025-03-15 23:26:56,29.7,76.6,16.58
2025-03-15 23:27:02,29.7,76.6,16.56
2025-03-15 23:27:08,29.8,76.5,16.64
2025-03-15 23:27:15,29.7,76.6,16.55
2025-03-15 23:27:21,29.8,76.5,16.52
2025-03-15 23:27:27,29.8,76.5,16.52
2025-03-15 23:27:34,29.7,76.6,25.23
2025-03-15 23:27:39,29.7,76.6,17.17
2025-03-15 23:27:45,29.7,76.6,16.48
2025-03-15 23:27:52,29.6,76.6,0.0
2025-03-15 23:27:58,29.6,76.6,0.0
2025-03-15 23:28:04,29.6,76.6,0.0
2025-03-15 23:28:10,29.7,73.1,0.0
2025-03-15 23:28:17,29.6,76.6,0.0
2025-03-15 23:28:23,29.7,76.7,0.0
2025-03-15 23:28:29,29.7,76.7,0.0
2025-03-15 23:28:36,29.8,76.5,0.0
2025-03-15 23:28:43,29.8,69.3,0.0
2025-03-15 23:28:49,29.8,75.8,0.0
2025-03-15 23:28:55,29.8,76.5,0.0
2025-03-15 23:29:01,29.8,76.5,0.0
2025-03-15 23:29:07,29.8,76.5,0.0
2025-03-15 23:29:13,29.8,76.5,0.0
2025-03-15 23:29:20,29.8,76.5,0.0
2025-03-15 23:29:26,29.8,76.5,0.0
2025-03-15 23:29:32,29.8,76.2,0.0
2025-03-15 23:29:38,29.8,76.2,0.0
2025-03-15 23:29:44,29.8,76.5,0.0
2025-03-15 23:29:50,29.8,76.5,0.0
2025-03-15 23:29:57,29.8,76.5,0.0
2025-03-15 23:30:03,29.9,76.6,0.0
2025-03-15 23:30:09,29.9,76.6,0.0
2025-03-15 23:30:15,29.9,76.6,0.0
2025-03-15 23:30:21,29.9,76.5,0.0
2025-03-15 23:30:28,29.9,76.2,0.0
2025-03-15 23:30:34,29.9,76.1,0.0
2025-03-15 23:30:40,30.0,76.0,0.0
2025-03-15 23:30:46,29.9,76.1,0.0
2025-03-15 23:30:52,29.7,76.1,0.0
2025-03-15 23:30:58,29.9,75.9,0.0
2025-03-15 23:31:05,30.0,75.7,0.0
2025-03-15 23:31:20,29.7,72.4,16.45
2025-03-15 23:31:26,29.9,75.7,16.53
2025-03-15 23:31:31,29.9,75.7,16.49
2025-03-15 23:31:38,29.9,75.7,16.32
2025-03-15 23:31:44,29.9,75.7,16.59
2025-03-15 23:31:50,29.9,75.7,16.57
2025-03-15 23:31:56,29.9,75.7,16.43
2025-03-15 23:32:02,30.0,75.6,16.56
2025-03-15 23:32:08,30.0,75.6,16.54
2025-03-15 23:32:14,29.9,75.7,16.5
2025-03-15 23:32:20,29.9,75.7,16.51
2025-03-15 23:32:26,30.0,75.6,16.54
2025-03-15 23:32:33,30.0,75.6,16.5
2025-03-15 23:32:39,29.9,75.6,16.67
2025-03-15 23:32:45,30.0,75.6,16.42
2025-03-15 23:32:51,30.0,75.4,16.48
2025-03-15 23:32:58,30.0,75.4,16.51
2025-03-15 23:33:04,29.9,75.5,16.46
2025-03-15 23:33:10,30.0,75.5,16.48
2025-03-15 23:33:17,30.0,75.6,16.62
2025-03-15 23:33:23,30.0,75.6,16.3
2025-03-15 23:33:29,30.0,75.6,16.6
2025-03-15 23:33:35,30.0,75.6,16.43
2025-03-15 23:33:41,30.0,75.6,16.43
2025-03-15 23:33:48,30.1,75.6,16.61
2025-03-15 23:33:54,30.1,75.7,16.49
2025-03-15 23:34:00,30.1,75.7,16.54
2025-03-15 23:34:07,30.1,75.6,16.46
2025-03-15 23:34:13,30.1,75.6,16.58
2025-03-15 23:34:19,30.1,75.6,16.61
2025-03-15 23:34:25,30.1,75.6,16.18
2025-03-15 23:34:31,30.2,75.6,16.53
2025-03-15 23:34:37,30.2,75.6,16.55
2025-03-15 23:34:43,30.2,75.6,16.49
2025-03-15 23:34:50,30.2,75.5,16.54
2025-03-15 23:34:56,30.3,75.3,16.52
2025-03-15 23:35:02,30.2,75.3,16.55
2025-03-15 23:35:08,30.3,75.1,16.6
2025-03-15 23:35:14,30.3,75.1,16.47
2025-03-15 23:35:21,30.3,75.1,16.51
2025-03-15 23:35:27,30.2,75.0,16.54
2025-03-15 23:35:33,30.3,74.9,16.53
2025-03-15 23:35:39,30.3,74.9,16.51
2025-03-15 23:35:45,30.4,74.8,16.19
2025-03-15 23:35:51,30.3,74.8,16.57
2025-03-15 23:35:58,30.2,74.8,16.57
2025-03-15 23:36:04,30.3,74.8,16.62
2025-03-15 23:36:10,30.3,74.7,16.47
2025-03-15 23:36:17,30.4,74.7,16.52
2025-03-15 23:36:23,30.4,74.7,16.5
2025-03-15 23:36:29,30.2,74.8,16.48
2025-03-15 23:36:35,30.4,74.5,16.62
2025-03-15 23:36:41,30.4,74.7,16.53
2025-03-15 23:36:47,30.4,74.7,16.55
2025-03-15 23:36:53,30.4,74.5,16.52
2025-03-15 23:37:00,30.4,74.5,16.52
2025-03-15 23:37:06,30.4,74.5,16.47
2025-03-15 23:37:12,30.4,74.5,16.54
2025-03-15 23:37:18,30.4,74.5,16.45
2025-03-15 23:37:24,30.4,74.5,16.55
2025-03-15 23:37:31,30.4,74.4,16.55
2025-03-15 23:37:37,30.4,74.4,16.44
2025-03-15 23:37:43,30.4,74.4,16.59
2025-03-15 23:37:50,30.4,74.3,16.49
2025-03-15 23:37:56,30.4,74.1,16.54
2025-03-15 23:38:02,30.3,74.1,16.54
2025-03-15 23:38:08,30.4,74.2,16.59
2025-03-15 23:38:15,30.4,74.1,16.58
2025-03-15 23:38:20,30.3,74.1,16.67
2025-03-15 23:38:26,30.4,74.1,16.54
2025-03-15 23:38:32,30.3,74.1,16.5
2025-03-15 23:38:39,30.2,74.2,16.53
2025-03-15 23:38:45,30.4,74.1,16.55
2025-03-15 23:38:52,30.3,74.1,16.49
2025-03-15 23:38:58,30.4,74.1,16.51
2025-03-15 23:39:04,30.4,74.0,16.49
2025-03-15 23:39:10,30.4,73.9,16.58
2025-03-15 23:39:16,30.4,73.9,16.55
2025-03-15 23:39:22,30.4,73.9,16.53
2025-03-15 23:39:29,30.2,73.9,16.62
2025-03-15 23:39:35,30.4,73.9,16.5
2025-03-15 23:39:41,30.2,73.9,16.46
2025-03-15 23:39:47,30.3,73.8,16.57
2025-03-15 23:39:54,30.3,73.8,16.48
2025-03-15 23:40:01,30.3,73.9,16.5
2025-03-15 23:40:06,30.4,73.9,16.54
2025-03-15 23:40:12,30.3,73.9,16.43
2025-03-15 23:40:18,30.3,73.9,16.54
2025-03-15 23:40:24,30.4,73.9,16.62
2025-03-15 23:40:31,30.4,73.9,16.47
2025-03-15 23:40:37,30.4,73.9,16.47
2025-03-15 23:40:44,30.3,73.9,16.49
2025-03-15 23:40:49,30.4,74.0,16.58
2025-03-15 23:40:56,30.3,73.9,16.56
2025-03-15 23:41:02,30.4,73.8,16.51
2025-03-15 23:41:08,30.4,73.8,16.53
2025-03-15 23:41:14,30.3,73.8,16.5
2025-03-15 23:41:20,30.4,73.8,16.55
2025-03-15 23:41:26,30.4,73.8,16.41
2025-03-15 23:41:33,30.2,73.9,16.47
2025-03-15 23:41:39,30.3,73.8,16.5
2025-03-15 23:41:45,30.2,73.9,16.46
2025-03-15 23:41:51,30.2,73.9,16.54
2025-03-15 23:41:58,30.3,73.8,16.54
2025-03-15 23:42:04,30.4,73.8,16.45
2025-03-15 23:42:10,30.3,73.8,16.53
2025-03-15 23:42:16,30.3,73.8,16.42
2025-03-15 23:42:23,30.3,73.7,16.54
2025-03-15 23:42:29,30.3,73.8,16.52
2025-03-15 23:42:35,30.2,73.7,16.49
2025-03-15 23:42:41,30.2,73.7,16.55
2025-03-15 23:42:47,30.2,73.7,16.53
2025-03-15 23:42:54,30.3,73.6,16.55
2025-03-15 23:43:00,30.2,73.7,16.55
2025-03-15 23:43:06,30.2,73.7,16.48
2025-03-15 23:43:12,30.2,73.7,16.51
2025-03-15 23:43:19,30.2,73.7,16.41
2025-03-15 23:43:25,30.2,73.8,16.55
2025-03-15 23:43:31,30.2,73.9,16.54
2025-03-15 23:43:37,30.1,73.9,16.62
2025-03-15 23:43:43,30.2,73.9,16.47
2025-03-15 23:43:49,30.2,73.9,16.59
2025-03-15 23:43:56,30.2,73.9,16.52
2025-03-15 23:44:02,30.2,73.9,16.49
2025-03-15 23:44:08,30.1,73.9,16.42
2025-03-15 23:44:14,30.2,74.0,16.58
2025-03-15 23:44:20,30.2,74.0,16.58
2025-03-15 23:44:27,30.1,74.0,16.55
2025-03-15 23:44:33,30.2,74.2,16.39
2025-03-15 23:44:39,30.2,74.2,16.5
2025-03-15 23:44:45,30.2,74.2,16.49
2025-03-15 23:44:52,30.2,74.2,16.56
2025-03-15 23:44:58,30.2,74.2,16.49
2025-03-15 23:45:04,30.2,74.2,16.45
2025-03-15 23:45:10,30.1,74.2,16.74
2025-03-15 23:45:16,30.2,74.2,16.52
2025-03-15 23:45:23,30.2,74.0,16.51
2025-03-15 23:45:29,30.2,74.0,16.61
2025-03-15 23:45:35,30.1,74.0,16.45
2025-03-15 23:45:42,30.1,74.0,16.5
2025-03-15 23:45:48,30.1,74.1,16.56
2025-03-15 23:45:54,30.1,74.2,16.46
2025-03-15 23:46:00,30.2,74.2,16.44
2025-03-15 23:46:07,30.1,74.2,16.45
2025-03-15 23:46:13,30.1,74.2,16.54
2025-03-15 23:46:19,30.2,74.2,16.37
2025-03-15 23:46:25,30.2,74.2,16.54
2025-03-15 23:46:31,30.2,74.2,16.5
2025-03-15 23:46:37,30.2,74.2,16.57
2025-03-15 23:46:43,30.2,74.2,16.5
2025-03-15 23:46:49,30.2,74.2,16.6
2025-03-15 23:46:56,30.2,74.2,16.5
2025-03-15 23:47:02,30.2,74.0,16.62
2025-03-15 23:47:08,30.3,73.9,16.62
2025-03-15 23:47:14,30.2,74.0,16.46
2025-03-15 23:47:21,30.3,73.8,16.34
2025-03-15 23:47:27,30.2,73.9,16.62
2025-03-15 23:47:33,30.3,73.8,16.47
2025-03-15 23:47:39,30.3,73.8,16.46
2025-03-15 23:47:46,30.3,73.8,16.49
2025-03-15 23:47:52,30.2,73.9,16.59
2025-03-15 23:47:58,30.3,73.8,16.41
2025-03-15 23:48:04,30.2,73.9,16.57
2025-03-15 23:48:11,30.3,73.8,16.48
2025-03-15 23:48:17,30.3,73.8,16.48
2025-03-15 23:48:23,30.3,73.8,16.45
2025-03-15 23:48:29,30.3,73.8,16.64
2025-03-15 23:48:35,30.2,73.9,16.51
2025-03-15 23:48:41,30.2,73.8,16.53
2025-03-15 23:48:47,30.3,73.7,16.52
2025-03-15 23:48:53,30.2,73.9,16.42
2025-03-15 23:49:00,30.2,73.9,16.6
2025-03-15 23:49:06,30.3,73.8,16.58
2025-03-15 23:49:12,30.3,74.1,16.5
2025-03-15 23:49:18,30.3,74.1,16.46
2025-03-15 23:49:25,30.3,74.1,16.57
2025-03-15 23:49:31,30.3,73.8,16.49
2025-03-19 06:54:13,29.7,80.0,16.44
2025-03-19 06:54:19,28.7,80.3,16.56
2025-03-19 06:54:37,28.9,76.5,16.33
2025-03-19 06:54:44,28.7,80.0,16.54
2025-03-19 06:54:56,28.9,80.3,16.5
2025-03-19 06:55:03,28.9,80.2,16.42
2025-03-19 06:55:34,29.2,82.4,16.51
2025-03-19 06:56:11,29.2,80.4,16.53
2025-03-19 06:56:18,29.2,74.6,16.48
2025-03-19 06:56:24,29.1,80.1,16.38
2025-03-19 06:56:30,29.1,80.1,16.57
2025-03-19 06:56:36,29.3,80.0,16.4
2025-03-19 06:56:42,29.3,79.6,16.4
2025-03-19 06:56:49,29.3,79.5,16.45
2025-03-19 06:56:55,29.2,79.4,16.54
2025-03-19 06:57:01,29.5,79.0,16.46
2025-03-19 06:57:07,29.1,79.1,16.47
2025-03-19 06:57:14,29.1,78.9,16.51
2025-03-19 06:57:20,29.2,78.7,16.44
2025-03-19 06:57:26,29.2,78.7,16.44
2025-03-19 06:57:32,29.3,78.4,16.66
2025-03-19 06:57:39,29.3,78.3,16.55
2025-03-19 06:57:45,29.2,78.3,16.57
2025-03-19 06:57:51,29.2,78.3,16.5
2025-03-19 06:57:58,29.2,78.3,16.55
2025-03-19 06:58:04,29.2,78.0,16.59
2025-03-19 06:58:10,29.1,77.9,16.41
2025-03-19 06:58:16,29.3,77.8,16.46
2025-03-19 06:58:23,29.1,77.9,16.51
2025-03-19 06:58:29,29.2,77.9,16.47
2025-03-19 06:58:35,29.2,77.9,16.49
2025-03-19 06:58:41,29.2,77.9,16.51
2025-03-19 06:58:47,29.2,77.9,16.51
2025-03-19 06:58:54,29.3,77.7,16.57
2025-03-19 06:59:00,29.2,77.7,16.52
2025-03-19 06:59:06,29.2,77.7,16.47
2025-03-19 06:59:12,29.3,77.6,16.5
2025-03-19 06:59:19,29.3,77.6,16.46
2025-03-19 06:59:25,29.3,77.6,16.46
2025-03-19 06:59:30,29.3,77.6,16.6
2025-03-19 06:59:37,29.3,77.7,16.43
2025-03-19 06:59:43,29.3,77.7,16.49
2025-03-19 06:59:49,29.3,77.7,16.48
2025-03-19 06:59:55,29.3,77.7,16.48
2025-03-19 07:00:01,29.3,77.6,16.49
2025-03-19 07:00:08,29.2,77.7,16.46
2025-03-19 07:00:14,29.5,77.5,16.44
2025-03-19 07:00:20,29.4,77.6,16.51
2025-03-19 07:00:26,29.5,77.5,16.5
2025-03-19 07:00:32,29.2,77.7,16.63
2025-03-19 07:00:38,29.5,78.1,16.63
2025-03-19 07:00:44,31.9,81.2,16.47
2025-03-19 07:00:51,33.0,79.5,16.48
2025-03-19 07:00:57,33.7,77.1,16.46
2025-03-19 07:01:04,33.5,74.7,16.52
2025-03-19 07:01:10,33.7,72.7,16.51
2025-03-19 07:01:16,33.6,71.0,16.62
2025-03-19 07:01:22,33.2,69.9,16.45
2025-03-19 07:01:28,33.0,68.8,16.58
2025-03-19 07:01:34,32.5,68.3,16.51
2025-03-19 07:01:40,33.0,67.6,16.46
2025-03-19 07:01:47,32.7,67.5,16.53
2025-03-19 07:01:53,32.4,67.2,16.48
2025-03-19 07:01:59,32.3,67.1,16.45
2025-03-19 07:02:05,32.2,67.2,16.49
2025-03-19 07:02:11,32.2,67.5,16.58
2025-03-19 07:02:17,32.3,67.4,16.56
2025-03-19 07:02:25,32.4,67.1,16.51
2025-03-19 07:02:29,33.6,76.2,16.5
2025-03-19 07:02:36,35.7,76.1,16.44
2025-03-19 07:02:42,37.4,72.5,16.46
2025-03-19 07:02:48,38.1,68.0,16.51
2025-03-19 07:02:54,38.8,72.2,16.47
2025-03-19 07:03:00,41.9,70.1,16.51
2025-03-19 07:03:07,44.0,62.4,16.43
2025-03-19 07:03:12,44.9,56.1,16.74
2025-03-19 07:03:19,45.3,52.0,16.43
2025-03-19 07:03:25,45.3,48.3,14.87
2025-03-19 07:03:31,44.9,45.4,9.72
2025-03-19 07:03:37,45.2,43.0,30.7
2025-03-19 07:03:44,44.2,38.4,11.29
2025-03-19 07:03:50,44.0,39.7,0.0
2025-03-19 07:03:56,43.2,38.8,0.0
2025-03-19 07:04:02,42.4,38.1,0.0
2025-03-19 07:04:08,41.8,37.6,0.0
2025-03-19 07:04:15,41.4,37.4,0.0
2025-03-19 07:04:21,40.8,37.4,16.63
2025-03-19 07:04:27,40.2,37.9,16.6
2025-03-19 07:04:33,39.5,38.3,16.52
2025-03-19 07:04:39,38.8,39.1,43.77
2025-03-19 07:04:46,38.4,40.1,17.42
2025-03-19 07:04:52,37.9,40.9,16.48
2025-03-19 07:04:58,37.9,41.6,16.5
2025-03-19 07:05:04,37.1,42.5,16.29
2025-03-19 07:05:34,35.6,47.6,16.53
2025-03-19 07:05:40,35.2,48.4,16.47
2025-03-19 07:05:47,35.1,49.2,16.44
2025-03-19 07:05:52,33.9,50.4,16.48
2025-03-19 07:05:59,33.9,51.1,16.51
2025-03-19 07:06:05,34.5,51.6,16.59
2025-03-19 07:06:11,34.3,52.3,16.5
2025-03-19 07:06:17,33.6,53.3,16.55
2025-03-19 07:06:23,33.5,53.8,16.55
2025-03-19 07:06:48,33.3,56.1,16.57
2025-03-19 07:06:54,32.9,56.8,16.57
2025-03-19 07:07:00,33.0,57.1,16.56
2025-03-19 07:07:12,33.3,58.0,16.6
2025-03-19 07:07:19,32.6,58.8,16.51
2025-03-19 07:07:25,32.4,59.3,16.51
2025-03-19 07:07:30,32.5,59.7,16.49
2025-03-19 07:07:42,31.9,60.9,16.44
2025-03-19 07:07:49,32.1,61.4,16.44
2025-03-19 07:08:20,31.6,63.9,16.38
2025-03-19 07:08:26,31.9,64.1,16.5
2025-03-19 07:08:32,31.8,64.4,16.5
2025-03-19 07:08:38,31.9,64.7,16.52
2025-03-19 07:08:45,31.7,65.1,16.58
2025-03-19 07:08:50,31.9,65.2,16.6
2025-03-19 07:08:57,31.5,65.5,16.46
2025-03-19 07:09:03,31.5,65.7,16.58
2025-03-19 07:09:09,31.5,65.9,16.44
2025-03-19 07:09:15,31.4,66.2,16.57
2025-03-19 07:09:21,31.9,66.1,16.61
2025-03-19 07:09:27,31.3,66.5,16.59
2025-03-19 07:09:33,31.9,66.5,16.46
2025-03-19 07:09:39,31.4,66.8,16.59
2025-03-19 07:09:46,30.9,67.4,16.56
2025-03-19 07:09:52,31.9,67.0,16.65
2025-03-19 07:09:58,31.1,67.5,16.6
2025-03-19 07:10:04,31.9,67.4,16.64
2025-03-19 07:10:16,31.2,68.2,16.53
2025-03-19 07:10:22,30.9,68.5,16.42
2025-03-19 07:10:35,31.4,68.7,16.55
2025-03-19 07:10:47,31.0,69.2,16.42
2025-03-19 07:10:59,30.6,69.7,16.45
2025-03-19 07:11:06,30.7,69.7,16.49
2025-03-19 07:11:12,30.6,69.8,16.56
2025-03-19 07:11:18,30.8,69.9,16.45
2025-03-19 07:11:24,30.8,69.9,16.53
2025-03-19 07:11:36,30.6,70.4,16.53
2025-03-19 07:11:42,30.6,70.6,16.66
2025-03-19 07:11:49,30.5,70.6,16.55
2025-03-19 07:12:13,29.2,71.6,16.44
2025-03-19 07:12:26,30.5,71.2,16.48
2025-03-19 07:12:38,30.6,71.3,16.61
2025-03-19 07:12:45,29.7,71.7,16.5
2025-03-19 07:13:21,30.9,71.9,16.54
2025-03-19 07:13:45,29.7,72.5,16.57
2025-03-19 07:13:51,29.7,72.5,16.56
2025-03-19 07:13:57,30.8,72.0,16.43
2025-03-19 07:14:03,30.3,72.2,16.46
2025-03-19 07:14:11,30.8,72.1,16.46
2025-03-19 07:14:15,30.3,72.3,16.4
2025-03-19 07:14:21,29.7,72.7,16.51
2025-03-19 07:14:27,30.4,72.4,16.42
2025-03-19 07:14:33,30.4,72.4,16.46
2025-03-19 07:14:39,30.3,72.5,16.57
2025-03-19 07:14:45,30.1,72.6,16.33
2025-03-19 07:14:51,29.7,72.8,16.49
2025-03-19 07:14:59,29.7,72.8,16.47
2025-03-19 07:15:10,30.3,72.5,16.48
2025-03-19 07:15:11,30.4,72.5,16.43
2025-03-19 07:15:15,29.7,72.8,16.48
2025-03-19 07:15:21,30.3,72.7,16.44
2025-03-19 07:15:27,30.3,72.7,16.55
2025-03-19 07:15:33,30.3,72.8,16.46
2025-03-19 07:15:39,30.2,72.9,16.49
2025-03-19 07:15:45,29.7,73.1,16.55
2025-03-19 07:15:51,29.9,73.0,16.57
2025-03-19 07:15:57,30.3,72.8,16.54
2025-03-19 07:16:03,30.2,73.3,16.48
2025-03-19 07:16:10,30.8,73.2,16.55
2025-03-19 07:16:16,30.1,73.5,16.55
2025-03-19 07:16:22,29.9,73.5,16.44
2025-03-19 07:16:28,29.7,73.5,16.48
2025-03-19 07:16:34,30.0,73.2,16.43
2025-03-19 07:16:40,29.9,73.3,16.46
2025-03-19 07:16:47,29.9,73.3,16.54
2025-03-19 07:16:53,30.3,73.1,16.49
2025-03-19 07:16:59,29.9,73.3,16.44
2025-03-19 07:17:05,30.3,73.1,16.55
2025-03-19 07:17:11,30.3,73.2,16.56
2025-03-19 07:17:17,30.3,73.2,16.61
2025-03-19 07:17:24,30.0,73.4,16.41
2025-03-19 07:17:30,30.3,73.3,16.53
2025-03-19 07:17:36,30.3,73.3,16.51
2025-03-19 07:17:41,29.9,73.6,16.57
2025-03-19 07:17:47,29.9,73.6,16.43
2025-03-19 07:17:53,29.9,73.8,16.5
2025-03-19 07:18:00,29.9,74.0,16.59
2025-03-19 07:18:06,30.0,73.9,16.45
2025-03-19 07:18:12,30.0,73.9,16.51
2025-03-19 07:18:18,30.1,73.9,16.5
2025-03-19 07:18:25,29.9,74.0,16.58
2025-03-19 07:18:31,29.9,73.9,16.56
2025-03-19 07:18:37,30.1,73.8,16.43
2025-03-19 07:18:43,30.0,73.8,16.47
2025-03-19 07:18:50,30.0,73.9,16.45
2025-03-19 07:18:56,29.7,74.1,16.61
2025-03-19 07:19:02,29.8,74.0,16.55
2025-03-19 07:19:08,29.9,74.0,16.48
2025-03-19 07:19:15,29.9,74.0,16.48
2025-03-19 07:19:20,30.0,73.9,16.47
2025-03-19 07:19:26,29.7,74.1,16.45
2025-03-19 07:19:32,29.7,74.1,16.51
2025-03-19 07:19:39,30.1,73.9,16.42
2025-03-19 07:19:45,29.7,74.1,16.62
2025-03-19 07:19:51,30.3,73.8,16.54
2025-03-19 07:19:57,30.3,73.8,16.55
2025-03-19 07:20:03,30.0,73.9,16.45
2025-03-19 07:20:10,30.1,73.9,16.43
2025-03-19 07:20:17,29.8,74.0,16.42
2025-03-19 07:20:23,29.9,73.9,16.46
2025-03-19 07:20:28,30.0,73.9,16.39
2025-03-19 07:20:36,30.3,73.8,16.64
2025-03-19 07:20:43,30.0,73.9,16.57
2025-03-19 07:20:48,29.9,74.1,16.57
2025-03-19 07:20:54,30.3,73.9,16.49
2025-03-19 07:20:59,30.0,74.1,16.57
2025-03-19 07:21:04,29.9,74.3,16.47
2025-03-19 07:21:12,30.1,74.2,16.46
2025-03-19 07:21:18,29.9,74.3,16.38
2025-03-21 14:02:35,30.0,74.8,16.52
2025-03-21 14:02:41,30.1,74.6,16.49
2025-03-21 14:02:47,30.1,74.5,16.52
2025-03-21 14:02:53,30.1,74.5,16.58
2025-03-21 14:02:59,30.1,74.4,16.43
2025-03-21 14:03:05,30.1,74.3,16.54
2025-03-21 14:03:11,30.1,74.2,16.51
2025-03-21 14:03:17,30.1,74.2,16.54
2025-03-21 14:03:24,30.1,74.2,16.55
2025-03-21 14:03:30,30.1,74.2,16.51
2025-03-21 14:03:36,30.1,74.1,16.56
2025-03-21 14:03:42,30.1,74.0,16.44
2025-03-21 14:03:48,30.1,74.0,16.6
2025-03-21 14:03:54,30.1,73.9,16.53
2025-03-21 14:04:00,30.1,73.9,16.39
2025-03-21 14:04:06,30.1,73.9,16.52
2025-03-21 14:04:13,30.1,73.9,16.5
2025-03-21 14:04:19,30.1,73.8,16.53
2025-03-21 14:04:25,30.1,73.8,16.51
2025-03-21 14:04:31,30.1,73.7,16.48
2025-03-21 14:04:39,30.1,73.7,16.49
2025-03-21 14:04:43,30.2,73.6,16.54
2025-03-21 14:04:49,30.2,73.6,17.91
2025-03-21 14:04:56,30.2,73.5,16.53
2025-03-21 14:05:02,30.1,73.5,16.48
2025-03-21 14:05:08,30.1,73.5,16.53
